<?xml version="1.0" encoding="UTF-8" standalone="no"?>
<font-metrics metrics-version="2" type="TYPE0">
	<font-name>CourierNew</font-name>
	<embed />
	<cap-height>667</cap-height>
	<x-height>415</x-height>
	<ascender>766</ascender>
	<descender>234</descender>
	<bbox>
		<left>-143</left>
		<bottom>-250</bottom>
		<right>1044</right>
		<top>906</top>
	</bbox>
	<flags>33</flags>
	<stemv>0</stemv>
	<italicangle>0</italicangle>
	<subtype>TYPE0</subtype>
	<multibyte-extras>
		<cid-type>CIDFontType2</cid-type>
		<default-width>0</default-width>
		<bfranges>
			<bf gi="3" ue="126" us="32" />
			<bf gi="3" ue="160" us="160" />
			<bf gi="163" ue="161" us="161" />
			<bf gi="132" ue="163" us="162" />
			<bf gi="1127" ue="164" us="164" />
			<bf gi="150" ue="165" us="165" />
			<bf gi="230" ue="166" us="166" />
			<bf gi="134" ue="167" us="167" />
			<bf gi="142" ue="168" us="168" />
			<bf gi="139" ue="169" us="169" />
			<bf gi="157" ue="170" us="170" />
			<bf gi="169" ue="171" us="171" />
			<bf gi="164" ue="172" us="172" />
			<bf gi="16" ue="173" us="173" />
			<bf gi="138" ue="174" us="174" />
			<bf gi="256" ue="175" us="175" />
			<bf gi="131" ue="176" us="176" />
			<bf gi="147" ue="177" us="177" />
			<bf gi="240" ue="179" us="178" />
			<bf gi="141" ue="180" us="180" />
			<bf gi="151" ue="181" us="181" />
			<bf gi="136" ue="182" us="182" />
			<bf gi="257" ue="183" us="183" />
			<bf gi="220" ue="184" us="184" />
			<bf gi="239" ue="185" us="185" />
			<bf gi="158" ue="186" us="186" />
			<bf gi="170" ue="187" us="187" />
			<bf gi="243" ue="188" us="188" />
			<bf gi="242" ue="189" us="189" />
			<bf gi="244" ue="190" us="190" />
			<bf gi="162" ue="191" us="191" />
			<bf gi="172" ue="192" us="192" />
			<bf gi="200" ue="193" us="193" />
			<bf gi="198" ue="194" us="194" />
			<bf gi="173" ue="195" us="195" />
			<bf gi="98" ue="197" us="196" />
			<bf gi="144" ue="198" us="198" />
			<bf gi="100" ue="199" us="199" />
			<bf gi="202" ue="200" us="200" />
			<bf gi="101" ue="201" us="201" />
			<bf gi="199" ue="202" us="202" />
			<bf gi="201" ue="203" us="203" />
			<bf gi="206" ue="204" us="204" />
			<bf gi="203" ue="207" us="205" />
			<bf gi="231" ue="208" us="208" />
			<bf gi="102" ue="209" us="209" />
			<bf gi="209" ue="210" us="210" />
			<bf gi="207" ue="212" us="211" />
			<bf gi="174" ue="213" us="213" />
			<bf gi="103" ue="214" us="214" />
			<bf gi="238" ue="215" us="215" />
			<bf gi="145" ue="216" us="216" />
			<bf gi="212" ue="217" us="217" />
			<bf gi="210" ue="219" us="218" />
			<bf gi="104" ue="220" us="220" />
			<bf gi="233" ue="221" us="221" />
			<bf gi="235" ue="222" us="222" />
			<bf gi="137" ue="223" us="223" />
			<bf gi="106" ue="224" us="224" />
			<bf gi="105" ue="225" us="225" />
			<bf gi="107" ue="226" us="226" />
			<bf gi="109" ue="227" us="227" />
			<bf gi="108" ue="228" us="228" />
			<bf gi="110" ue="229" us="229" />
			<bf gi="160" ue="230" us="230" />
			<bf gi="111" ue="231" us="231" />
			<bf gi="113" ue="232" us="232" />
			<bf gi="112" ue="233" us="233" />
			<bf gi="114" ue="235" us="234" />
			<bf gi="117" ue="236" us="236" />
			<bf gi="116" ue="237" us="237" />
			<bf gi="118" ue="239" us="238" />
			<bf gi="232" ue="240" us="240" />
			<bf gi="120" ue="241" us="241" />
			<bf gi="122" ue="242" us="242" />
			<bf gi="121" ue="243" us="243" />
			<bf gi="123" ue="244" us="244" />
			<bf gi="125" ue="245" us="245" />
			<bf gi="124" ue="246" us="246" />
			<bf gi="183" ue="247" us="247" />
			<bf gi="161" ue="248" us="248" />
			<bf gi="127" ue="249" us="249" />
			<bf gi="126" ue="250" us="250" />
			<bf gi="128" ue="252" us="251" />
			<bf gi="234" ue="253" us="253" />
			<bf gi="236" ue="254" us="254" />
			<bf gi="185" ue="255" us="255" />
			<bf gi="406" ue="257" us="256" />
			<bf gi="258" ue="261" us="258" />
			<bf gi="251" ue="263" us="262" />
			<bf gi="408" ue="267" us="264" />
			<bf gi="253" ue="269" us="268" />
			<bf gi="262" ue="272" us="270" />
			<bf gi="255" ue="273" us="273" />
			<bf gi="412" ue="279" us="274" />
			<bf gi="265" ue="283" us="280" />
			<bf gi="418" ue="285" us="284" />
			<bf gi="246" ue="287" us="286" />
			<bf gi="420" ue="303" us="288" />
			<bf gi="248" ue="304" us="304" />
			<bf gi="213" ue="305" us="305" />
			<bf gi="394" ue="307" us="306" />
			<bf gi="436" ue="312" us="308" />
			<bf gi="269" ue="314" us="313" />
			<bf gi="441" ue="316" us="315" />
			<bf gi="271" ue="320" us="317" />
			<bf gi="224" ue="322" us="321" />
			<bf gi="275" ue="324" us="323" />
			<bf gi="443" ue="326" us="325" />
			<bf gi="277" ue="328" us="327" />
			<bf gi="396" ue="329" us="329" />
			<bf gi="445" ue="335" us="330" />
			<bf gi="279" ue="337" us="336" />
			<bf gi="175" ue="339" us="338" />
			<bf gi="281" ue="341" us="340" />
			<bf gi="451" ue="343" us="342" />
			<bf gi="283" ue="347" us="344" />
			<bf gi="453" ue="349" us="348" />
			<bf gi="249" ue="351" us="350" />
			<bf gi="226" ue="353" us="352" />
			<bf gi="287" ue="357" us="354" />
			<bf gi="455" ue="365" us="358" />
			<bf gi="291" ue="369" us="366" />
			<bf gi="463" ue="375" us="370" />
			<bf gi="186" ue="376" us="376" />
			<bf gi="295" ue="380" us="377" />
			<bf gi="228" ue="382" us="381" />
			<bf gi="469" ue="383" us="383" />
			<bf gi="1679" ue="398" us="384" />
			<bf gi="1314" ue="399" us="399" />
			<bf gi="1694" ue="401" us="400" />
			<bf gi="166" ue="402" us="402" />
			<bf gi="1696" ue="415" us="403" />
			<bf gi="1129" ue="417" us="416" />
			<bf gi="1709" ue="430" us="418" />
			<bf gi="1131" ue="432" us="431" />
			<bf gi="1722" ue="460" us="433" />
			<bf gi="1274" ue="476" us="461" />
			<bf gi="1750" ue="479" us="477" />
			<bf gi="1754" ue="505" us="480" />
			<bf gi="470" ue="511" us="506" />
			<bf gi="1780" ue="544" us="512" />
			<bf gi="2680" ue="545" us="545" />
			<bf gi="1813" ue="555" us="546" />
			<bf gi="1824" ue="563" us="556" />
			<bf gi="2681" ue="566" us="564" />
			<bf gi="2872" ue="577" us="568" />
			<bf gi="3151" ue="591" us="578" />
			<bf gi="1832" ue="600" us="592" />
			<bf gi="1315" ue="601" us="601" />
			<bf gi="1841" ue="685" us="602" />
			<bf gi="2684" ue="687" us="686" />
			<bf gi="1925" ue="709" us="688" />
			<bf gi="214" ue="710" us="710" />
			<bf gi="223" ue="711" us="711" />
			<bf gi="1947" ue="712" us="712" />
			<bf gi="216" ue="713" us="713" />
			<bf gi="1948" ue="727" us="714" />
			<bf gi="217" ue="730" us="728" />
			<bf gi="222" ue="731" us="731" />
			<bf gi="215" ue="732" us="732" />
			<bf gi="221" ue="733" us="733" />
			<bf gi="1962" ue="740" us="734" />
			<bf gi="1969" ue="750" us="748" />
			<bf gi="2686" ue="767" us="751" />
			<bf gi="1169" ue="769" us="768" />
			<bf gi="1972" ue="770" us="770" />
			<bf gi="1145" ue="771" us="771" />
			<bf gi="1973" ue="776" us="772" />
			<bf gi="1139" ue="777" us="777" />
			<bf gi="1978" ue="802" us="778" />
			<bf gi="1172" ue="803" us="803" />
			<bf gi="2003" ue="847" us="804" />
			<bf gi="2703" ue="855" us="848" />
			<bf gi="2882" ue="860" us="856" />
			<bf gi="2711" ue="863" us="861" />
			<bf gi="2047" ue="879" us="864" />
			<bf gi="2063" ue="885" us="884" />
			<bf gi="2065" ue="890" us="890" />
			<bf gi="3165" ue="893" us="891" />
			<bf gi="30" ue="894" us="894" />
			<bf gi="495" ue="902" us="900" />
			<bf gi="476" ue="903" us="903" />
			<bf gi="498" ue="906" us="904" />
			<bf gi="501" ue="908" us="908" />
			<bf gi="502" ue="914" us="910" />
			<bf gi="299" ue="915" us="915" />
			<bf gi="507" ue="919" us="916" />
			<bf gi="300" ue="920" us="920" />
			<bf gi="511" ue="929" us="921" />
			<bf gi="520" ue="933" us="931" />
			<bf gi="301" ue="934" us="934" />
			<bf gi="523" ue="944" us="935" />
			<bf gi="302" ue="945" us="945" />
			<bf gi="533" ue="947" us="946" />
			<bf gi="303" ue="949" us="948" />
			<bf gi="535" ue="959" us="950" />
			<bf gi="652" ue="960" us="960" />
			<bf gi="545" ue="962" us="961" />
			<bf gi="305" ue="964" us="963" />
			<bf gi="547" ue="965" us="965" />
			<bf gi="307" ue="966" us="966" />
			<bf gi="548" ue="974" us="967" />
			<bf gi="2066" ue="1014" us="976" />
			<bf gi="2714" ue="1016" us="1015" />
			<bf gi="2868" ue="1019" us="1017" />
			<bf gi="2887" ue="1023" us="1020" />
			<bf gi="2105" ue="1024" us="1024" />
			<bf gi="556" ue="1036" us="1025" />
			<bf gi="2106" ue="1037" us="1037" />
			<bf gi="568" ue="1103" us="1038" />
			<bf gi="2107" ue="1104" us="1104" />
			<bf gi="634" ue="1116" us="1105" />
			<bf gi="2108" ue="1117" us="1117" />
			<bf gi="646" ue="1119" us="1118" />
			<bf gi="2109" ue="1149" us="1120" />
			<bf gi="2140" ue="1158" us="1150" />
			<bf gi="3227" ue="1159" us="1159" />
			<bf gi="2149" ue="1167" us="1160" />
			<bf gi="648" ue="1169" us="1168" />
			<bf gi="1294" ue="1171" us="1170" />
			<bf gi="2157" ue="1173" us="1172" />
			<bf gi="1296" ue="1175" us="1174" />
			<bf gi="2159" ue="1177" us="1176" />
			<bf gi="1298" ue="1181" us="1178" />
			<bf gi="2161" ue="1185" us="1182" />
			<bf gi="1302" ue="1187" us="1186" />
			<bf gi="2165" ue="1197" us="1188" />
			<bf gi="1304" ue="1203" us="1198" />
			<bf gi="2175" ue="1207" us="1204" />
			<bf gi="1310" ue="1211" us="1208" />
			<bf gi="2179" ue="1230" us="1212" />
			<bf gi="3168" ue="1231" us="1231" />
			<bf gi="2199" ue="1239" us="1232" />
			<bf gi="1314" ue="1241" us="1240" />
			<bf gi="2207" ue="1255" us="1242" />
			<bf gi="1316" ue="1257" us="1256" />
			<bf gi="2221" ue="1269" us="1258" />
			<bf gi="2891" ue="1271" us="1270" />
			<bf gi="2233" ue="1273" us="1272" />
			<bf gi="3169" ue="1279" us="1274" />
			<bf gi="2235" ue="1295" us="1280" />
			<bf gi="3175" ue="1299" us="1296" />
			<bf gi="3228" ue="1309" us="1306" />
			<bf gi="2251" ue="1441" us="1425" />
			<bf gi="2893" ue="1442" us="1442" />
			<bf gi="2268" ue="1455" us="1443" />
			<bf gi="653" ue="1465" us="1456" />
			<bf gi="2894" ue="1466" us="1466" />
			<bf gi="663" ue="1475" us="1467" />
			<bf gi="2281" ue="1476" us="1476" />
			<bf gi="2895" ue="1479" us="1477" />
			<bf gi="672" ue="1514" us="1488" />
			<bf gi="699" ue="1524" us="1520" />
			<bf gi="2823" ue="1539" us="1536" />
			<bf gi="2898" ue="1547" us="1547" />
			<bf gi="748" ue="1548" us="1548" />
			<bf gi="2828" ue="1549" us="1549" />
			<bf gi="2827" ue="1550" us="1550" />
			<bf gi="2829" ue="1556" us="1551" />
			<bf gi="1320" ue="1557" us="1557" />
			<bf gi="749" ue="1563" us="1563" />
			<bf gi="2899" ue="1566" us="1566" />
			<bf gi="750" ue="1567" us="1567" />
			<bf gi="751" ue="1569" us="1569" />
			<bf gi="897" ue="1570" us="1570" />
			<bf gi="899" ue="1571" us="1571" />
			<bf gi="901" ue="1572" us="1572" />
			<bf gi="903" ue="1573" us="1573" />
			<bf gi="905" ue="1574" us="1574" />
			<bf gi="909" ue="1575" us="1575" />
			<bf gi="911" ue="1576" us="1576" />
			<bf gi="915" ue="1577" us="1577" />
			<bf gi="917" ue="1578" us="1578" />
			<bf gi="921" ue="1579" us="1579" />
			<bf gi="925" ue="1580" us="1580" />
			<bf gi="929" ue="1581" us="1581" />
			<bf gi="933" ue="1582" us="1582" />
			<bf gi="937" ue="1583" us="1583" />
			<bf gi="939" ue="1584" us="1584" />
			<bf gi="941" ue="1585" us="1585" />
			<bf gi="943" ue="1586" us="1586" />
			<bf gi="945" ue="1587" us="1587" />
			<bf gi="949" ue="1588" us="1588" />
			<bf gi="953" ue="1589" us="1589" />
			<bf gi="957" ue="1590" us="1590" />
			<bf gi="961" ue="1591" us="1591" />
			<bf gi="965" ue="1592" us="1592" />
			<bf gi="969" ue="1593" us="1593" />
			<bf gi="973" ue="1594" us="1594" />
			<bf gi="752" ue="1600" us="1600" />
			<bf gi="977" ue="1601" us="1601" />
			<bf gi="981" ue="1602" us="1602" />
			<bf gi="985" ue="1603" us="1603" />
			<bf gi="989" ue="1604" us="1604" />
			<bf gi="993" ue="1605" us="1605" />
			<bf gi="997" ue="1606" us="1606" />
			<bf gi="1001" ue="1607" us="1607" />
			<bf gi="1005" ue="1608" us="1608" />
			<bf gi="1007" ue="1609" us="1609" />
			<bf gi="1009" ue="1610" us="1610" />
			<bf gi="753" ue="1618" us="1611" />
			<bf gi="1030" ue="1619" us="1619" />
			<bf gi="775" ue="1620" us="1620" />
			<bf gi="787" ue="1621" us="1621" />
			<bf gi="2835" ue="1624" us="1622" />
			<bf gi="2900" ue="1630" us="1625" />
			<bf gi="761" ue="1643" us="1632" />
			<bf gi="748" ue="1644" us="1644" />
			<bf gi="773" ue="1645" us="1645" />
			<bf gi="1104" ue="1646" us="1646" />
			<bf gi="1470" ue="1647" us="1647" />
			<bf gi="774" ue="1648" us="1648" />
			<bf gi="797" ue="1649" us="1649" />
			<bf gi="1324" ue="1650" us="1650" />
			<bf gi="1326" ue="1651" us="1651" />
			<bf gi="775" ue="1652" us="1652" />
			<bf gi="1328" ue="1653" us="1653" />
			<bf gi="1330" ue="1654" us="1654" />
			<bf gi="1332" ue="1655" us="1655" />
			<bf gi="1334" ue="1656" us="1656" />
			<bf gi="1336" ue="1657" us="1657" />
			<bf gi="1340" ue="1658" us="1658" />
			<bf gi="1344" ue="1659" us="1659" />
			<bf gi="1348" ue="1660" us="1660" />
			<bf gi="1352" ue="1661" us="1661" />
			<bf gi="799" ue="1662" us="1662" />
			<bf gi="1356" ue="1663" us="1663" />
			<bf gi="1360" ue="1664" us="1664" />
			<bf gi="1364" ue="1665" us="1665" />
			<bf gi="1368" ue="1666" us="1666" />
			<bf gi="1372" ue="1667" us="1667" />
			<bf gi="1376" ue="1668" us="1668" />
			<bf gi="1380" ue="1669" us="1669" />
			<bf gi="807" ue="1670" us="1670" />
			<bf gi="1384" ue="1671" us="1671" />
			<bf gi="1388" ue="1672" us="1672" />
			<bf gi="1390" ue="1673" us="1673" />
			<bf gi="1392" ue="1674" us="1674" />
			<bf gi="1394" ue="1675" us="1675" />
			<bf gi="1396" ue="1676" us="1676" />
			<bf gi="1398" ue="1677" us="1677" />
			<bf gi="1400" ue="1678" us="1678" />
			<bf gi="1402" ue="1679" us="1679" />
			<bf gi="1404" ue="1680" us="1680" />
			<bf gi="1406" ue="1681" us="1681" />
			<bf gi="1408" ue="1682" us="1682" />
			<bf gi="1410" ue="1683" us="1683" />
			<bf gi="1412" ue="1684" us="1684" />
			<bf gi="1414" ue="1685" us="1685" />
			<bf gi="1416" ue="1686" us="1686" />
			<bf gi="1418" ue="1687" us="1687" />
			<bf gi="811" ue="1688" us="1688" />
			<bf gi="1420" ue="1689" us="1689" />
			<bf gi="1422" ue="1690" us="1690" />
			<bf gi="1426" ue="1691" us="1691" />
			<bf gi="1430" ue="1692" us="1692" />
			<bf gi="1434" ue="1693" us="1693" />
			<bf gi="1438" ue="1694" us="1694" />
			<bf gi="1442" ue="1695" us="1695" />
			<bf gi="1446" ue="1696" us="1696" />
			<bf gi="1450" ue="1697" us="1697" />
			<bf gi="1454" ue="1698" us="1698" />
			<bf gi="1458" ue="1699" us="1699" />
			<bf gi="803" ue="1700" us="1700" />
			<bf gi="1462" ue="1701" us="1701" />
			<bf gi="1466" ue="1702" us="1702" />
			<bf gi="1472" ue="1703" us="1703" />
			<bf gi="1474" ue="1704" us="1704" />
			<bf gi="813" ue="1705" us="1705" />
			<bf gi="1476" ue="1706" us="1706" />
			<bf gi="1480" ue="1707" us="1707" />
			<bf gi="1484" ue="1708" us="1708" />
			<bf gi="1488" ue="1709" us="1709" />
			<bf gi="1492" ue="1710" us="1710" />
			<bf gi="817" ue="1711" us="1711" />
			<bf gi="1496" ue="1712" us="1712" />
			<bf gi="1500" ue="1713" us="1713" />
			<bf gi="1504" ue="1714" us="1714" />
			<bf gi="1508" ue="1715" us="1715" />
			<bf gi="1512" ue="1716" us="1716" />
			<bf gi="1516" ue="1717" us="1717" />
			<bf gi="1520" ue="1718" us="1718" />
			<bf gi="1524" ue="1719" us="1719" />
			<bf gi="1528" ue="1720" us="1720" />
			<bf gi="1532" ue="1721" us="1721" />
			<bf gi="1536" ue="1722" us="1722" />
			<bf gi="1540" ue="1723" us="1723" />
			<bf gi="1544" ue="1724" us="1724" />
			<bf gi="1548" ue="1725" us="1725" />
			<bf gi="1003" ue="1726" us="1726" />
			<bf gi="1552" ue="1727" us="1727" />
			<bf gi="1556" ue="1728" us="1728" />
			<bf gi="1558" ue="1729" us="1729" />
			<bf gi="1562" ue="1730" us="1730" />
			<bf gi="1564" ue="1731" us="1731" />
			<bf gi="1566" ue="1732" us="1732" />
			<bf gi="1568" ue="1733" us="1733" />
			<bf gi="1570" ue="1734" us="1734" />
			<bf gi="1572" ue="1735" us="1735" />
			<bf gi="1574" ue="1736" us="1736" />
			<bf gi="1576" ue="1737" us="1737" />
			<bf gi="1578" ue="1738" us="1738" />
			<bf gi="1580" ue="1739" us="1739" />
			<bf gi="821" ue="1740" us="1740" />
			<bf gi="1582" ue="1741" us="1741" />
			<bf gi="1584" ue="1742" us="1742" />
			<bf gi="1588" ue="1743" us="1743" />
			<bf gi="1590" ue="1744" us="1744" />
			<bf gi="1594" ue="1745" us="1745" />
			<bf gi="1596" ue="1746" us="1746" />
			<bf gi="1598" ue="1747" us="1747" />
			<bf gi="1600" ue="1748" us="1748" />
			<bf gi="776" ue="1749" us="1749" />
			<bf gi="1602" ue="1763" us="1750" />
			<bf gi="777" ue="1764" us="1764" />
			<bf gi="1616" ue="1773" us="1765" />
			<bf gi="2839" ue="1774" us="1774" />
			<bf gi="2841" ue="1775" us="1775" />
			<bf gi="761" ue="1779" us="1776" />
			<bf gi="778" ue="1782" us="1780" />
			<bf gi="768" ue="1785" us="1783" />
			<bf gi="1625" ue="1786" us="1786" />
			<bf gi="1629" ue="1787" us="1787" />
			<bf gi="1633" ue="1788" us="1788" />
			<bf gi="1637" ue="1790" us="1789" />
			<bf gi="2845" ue="1791" us="1791" />
			<bf gi="2907" ue="1872" us="1872" />
			<bf gi="2911" ue="1873" us="1873" />
			<bf gi="2915" ue="1874" us="1874" />
			<bf gi="2919" ue="1875" us="1875" />
			<bf gi="2923" ue="1876" us="1876" />
			<bf gi="2927" ue="1877" us="1877" />
			<bf gi="2931" ue="1878" us="1878" />
			<bf gi="2935" ue="1879" us="1879" />
			<bf gi="2939" ue="1880" us="1880" />
			<bf gi="2943" ue="1881" us="1881" />
			<bf gi="2945" ue="1882" us="1882" />
			<bf gi="2947" ue="1883" us="1883" />
			<bf gi="2949" ue="1884" us="1884" />
			<bf gi="2953" ue="1885" us="1885" />
			<bf gi="2957" ue="1886" us="1886" />
			<bf gi="2961" ue="1887" us="1887" />
			<bf gi="2965" ue="1888" us="1888" />
			<bf gi="2969" ue="1889" us="1889" />
			<bf gi="2973" ue="1890" us="1890" />
			<bf gi="2977" ue="1891" us="1891" />
			<bf gi="2981" ue="1892" us="1892" />
			<bf gi="2985" ue="1893" us="1893" />
			<bf gi="2989" ue="1894" us="1894" />
			<bf gi="2993" ue="1895" us="1895" />
			<bf gi="2997" ue="1896" us="1896" />
			<bf gi="3001" ue="1897" us="1897" />
			<bf gi="3005" ue="1898" us="1898" />
			<bf gi="3009" ue="1899" us="1899" />
			<bf gi="3011" ue="1900" us="1900" />
			<bf gi="3013" ue="1901" us="1901" />
			<bf gi="2716" ue="7530" us="7424" />
			<bf gi="2871" ue="7531" us="7531" />
			<bf gi="3017" ue="7619" us="7532" />
			<bf gi="3179" ue="7626" us="7620" />
			<bf gi="3186" ue="7679" us="7678" />
			<bf gi="2289" ue="7807" us="7680" />
			<bf gi="477" ue="7813" us="7808" />
			<bf gi="2417" ue="7829" us="7814" />
			<bf gi="2434" ue="7835" us="7831" />
			<bf gi="3232" ue="7838" us="7838" />
			<bf gi="1186" ue="7921" us="7840" />
			<bf gi="483" ue="7923" us="7922" />
			<bf gi="1268" ue="7929" us="7924" />
			<bf gi="2439" ue="7957" us="7936" />
			<bf gi="2461" ue="7965" us="7960" />
			<bf gi="2467" ue="8005" us="7968" />
			<bf gi="2505" ue="8013" us="8008" />
			<bf gi="2511" ue="8023" us="8016" />
			<bf gi="2519" ue="8025" us="8025" />
			<bf gi="2520" ue="8027" us="8027" />
			<bf gi="2521" ue="8029" us="8029" />
			<bf gi="2522" ue="8061" us="8031" />
			<bf gi="2553" ue="8116" us="8064" />
			<bf gi="2606" ue="8132" us="8118" />
			<bf gi="2621" ue="8147" us="8134" />
			<bf gi="2635" ue="8155" us="8150" />
			<bf gi="2641" ue="8175" us="8157" />
			<bf gi="2660" ue="8180" us="8178" />
			<bf gi="2663" ue="8190" us="8182" />
			<bf gi="744" ue="8207" us="8204" />
			<bf gi="2859" ue="8210" us="8210" />
			<bf gi="177" ue="8212" us="8211" />
			<bf gi="650" ue="8213" us="8213" />
			<bf gi="308" ue="8215" us="8215" />
			<bf gi="181" ue="8217" us="8216" />
			<bf gi="195" ue="8218" us="8218" />
			<bf gi="485" ue="8219" us="8219" />
			<bf gi="179" ue="8221" us="8220" />
			<bf gi="196" ue="8222" us="8222" />
			<bf gi="2860" ue="8223" us="8223" />
			<bf gi="130" ue="8224" us="8224" />
			<bf gi="193" ue="8225" us="8225" />
			<bf gi="135" ue="8226" us="8226" />
			<bf gi="171" ue="8230" us="8230" />
			<bf gi="197" ue="8240" us="8240" />
			<bf gi="397" ue="8243" us="8242" />
			<bf gi="2861" ue="8244" us="8244" />
			<bf gi="189" ue="8250" us="8249" />
			<bf gi="309" ue="8252" us="8252" />
			<bf gi="486" ue="8254" us="8254" />
			<bf gi="187" ue="8260" us="8260" />
			<bf gi="3105" ue="8286" us="8286" />
			<bf gi="310" ue="8319" us="8319" />
			<bf gi="3106" ue="8340" us="8336" />
			<bf gi="1667" ue="8354" us="8352" />
			<bf gi="245" ue="8355" us="8355" />
			<bf gi="487" ue="8356" us="8356" />
			<bf gi="1670" ue="8358" us="8357" />
			<bf gi="311" ue="8359" us="8359" />
			<bf gi="1672" ue="8361" us="8360" />
			<bf gi="704" ue="8362" us="8362" />
			<bf gi="1149" ue="8363" us="8363" />
			<bf gi="188" ue="8364" us="8364" />
			<bf gi="1674" ue="8369" us="8365" />
			<bf gi="3111" ue="8373" us="8370" />
			<bf gi="3233" ue="8432" us="8432" />
			<bf gi="399" ue="8453" us="8453" />
			<bf gi="400" ue="8467" us="8467" />
			<bf gi="651" ue="8470" us="8470" />
			<bf gi="140" ue="8482" us="8482" />
			<bf gi="159" ue="8486" us="8486" />
			<bf gi="488" ue="8494" us="8494" />
			<bf gi="3188" ue="8526" us="8525" />
			<bf gi="1150" ue="8532" us="8531" />
			<bf gi="489" ue="8542" us="8539" />
			<bf gi="3190" ue="8580" us="8580" />
			<bf gi="312" ue="8597" us="8592" />
			<bf gi="318" ue="8616" us="8616" />
			<bf gi="152" ue="8706" us="8706" />
			<bf gi="168" ue="8710" us="8710" />
			<bf gi="154" ue="8719" us="8719" />
			<bf gi="153" ue="8721" us="8721" />
			<bf gi="237" ue="8722" us="8722" />
			<bf gi="187" ue="8725" us="8725" />
			<bf gi="194" ue="8729" us="8729" />
			<bf gi="165" ue="8730" us="8730" />
			<bf gi="146" ue="8734" us="8734" />
			<bf gi="319" ue="8735" us="8735" />
			<bf gi="320" ue="8745" us="8745" />
			<bf gi="156" ue="8747" us="8747" />
			<bf gi="167" ue="8776" us="8776" />
			<bf gi="143" ue="8800" us="8800" />
			<bf gi="321" ue="8801" us="8801" />
			<bf gi="148" ue="8805" us="8804" />
			<bf gi="322" ue="8962" us="8962" />
			<bf gi="323" ue="8976" us="8976" />
			<bf gi="324" ue="8993" us="8992" />
			<bf gi="326" ue="9472" us="9472" />
			<bf gi="327" ue="9474" us="9474" />
			<bf gi="328" ue="9484" us="9484" />
			<bf gi="329" ue="9488" us="9488" />
			<bf gi="330" ue="9492" us="9492" />
			<bf gi="331" ue="9496" us="9496" />
			<bf gi="332" ue="9500" us="9500" />
			<bf gi="333" ue="9508" us="9508" />
			<bf gi="334" ue="9516" us="9516" />
			<bf gi="335" ue="9524" us="9524" />
			<bf gi="336" ue="9532" us="9532" />
			<bf gi="337" ue="9580" us="9552" />
			<bf gi="366" ue="9600" us="9600" />
			<bf gi="367" ue="9604" us="9604" />
			<bf gi="368" ue="9608" us="9608" />
			<bf gi="369" ue="9612" us="9612" />
			<bf gi="370" ue="9619" us="9616" />
			<bf gi="374" ue="9632" us="9632" />
			<bf gi="401" ue="9633" us="9633" />
			<bf gi="402" ue="9643" us="9642" />
			<bf gi="375" ue="9644" us="9644" />
			<bf gi="376" ue="9650" us="9650" />
			<bf gi="377" ue="9658" us="9658" />
			<bf gi="378" ue="9660" us="9660" />
			<bf gi="379" ue="9668" us="9668" />
			<bf gi="184" ue="9674" us="9674" />
			<bf gi="380" ue="9675" us="9675" />
			<bf gi="2673" ue="9676" us="9676" />
			<bf gi="404" ue="9679" us="9679" />
			<bf gi="381" ue="9689" us="9688" />
			<bf gi="405" ue="9702" us="9702" />
			<bf gi="383" ue="9788" us="9786" />
			<bf gi="386" ue="9792" us="9792" />
			<bf gi="387" ue="9794" us="9794" />
			<bf gi="388" ue="9824" us="9824" />
			<bf gi="389" ue="9827" us="9827" />
			<bf gi="390" ue="9830" us="9829" />
			<bf gi="392" ue="9835" us="9834" />
			<bf gi="2672" ue="9839" us="9839" />
			<bf gi="3191" ue="11372" us="11360" />
			<bf gi="3234" ue="11373" us="11373" />
			<bf gi="3235" ue="11379" us="11377" />
			<bf gi="3204" ue="11383" us="11380" />
			<bf gi="3115" ue="11799" us="11799" />
			<bf gi="3208" ue="42778" us="42775" />
			<bf gi="3242" ue="42783" us="42779" />
			<bf gi="3212" ue="42785" us="42784" />
			<bf gi="3247" ue="42888" us="42888" />
			<bf gi="3238" ue="42892" us="42889" />
			<bf gi="191" ue="64258" us="64257" />
			<bf gi="1655" ue="64286" us="64285" />
			<bf gi="1658" ue="64287" us="64287" />
			<bf gi="710" ue="64288" us="64288" />
			<bf gi="2847" ue="64297" us="64289" />
			<bf gi="711" ue="64310" us="64298" />
			<bf gi="724" ue="64316" us="64312" />
			<bf gi="729" ue="64318" us="64318" />
			<bf gi="730" ue="64321" us="64320" />
			<bf gi="732" ue="64324" us="64323" />
			<bf gi="734" ue="64335" us="64326" />
			<bf gi="797" ue="64337" us="64336" />
			<bf gi="1344" ue="64341" us="64338" />
			<bf gi="799" ue="64345" us="64342" />
			<bf gi="1360" ue="64349" us="64346" />
			<bf gi="1340" ue="64353" us="64350" />
			<bf gi="1356" ue="64357" us="64354" />
			<bf gi="1336" ue="64361" us="64358" />
			<bf gi="803" ue="64365" us="64362" />
			<bf gi="1466" ue="64369" us="64366" />
			<bf gi="1376" ue="64373" us="64370" />
			<bf gi="1372" ue="64377" us="64374" />
			<bf gi="807" ue="64381" us="64378" />
			<bf gi="1384" ue="64385" us="64382" />
			<bf gi="1398" ue="64387" us="64386" />
			<bf gi="1396" ue="64389" us="64388" />
			<bf gi="1400" ue="64391" us="64390" />
			<bf gi="1388" ue="64393" us="64392" />
			<bf gi="811" ue="64395" us="64394" />
			<bf gi="1406" ue="64397" us="64396" />
			<bf gi="813" ue="64405" us="64398" />
			<bf gi="1508" ue="64409" us="64406" />
			<bf gi="1500" ue="64413" us="64410" />
			<bf gi="1536" ue="64415" us="64414" />
			<bf gi="1540" ue="64419" us="64416" />
			<bf gi="1556" ue="64421" us="64420" />
			<bf gi="1559" ue="64422" us="64422" />
			<bf gi="1558" ue="64423" us="64423" />
			<bf gi="1560" ue="64425" us="64424" />
			<bf gi="1003" ue="64426" us="64426" />
			<bf gi="1002" ue="64429" us="64427" />
			<bf gi="1596" ue="64433" us="64430" />
			<bf gi="1488" ue="64470" us="64467" />
			<bf gi="1572" ue="64472" us="64471" />
			<bf gi="1570" ue="64474" us="64473" />
			<bf gi="1574" ue="64476" us="64475" />
			<bf gi="1332" ue="64477" us="64477" />
			<bf gi="1580" ue="64479" us="64478" />
			<bf gi="1568" ue="64481" us="64480" />
			<bf gi="1576" ue="64483" us="64482" />
			<bf gi="1590" ue="64487" us="64484" />
			<bf gi="1106" ue="64489" us="64488" />
			<bf gi="821" ue="64509" us="64508" />
			<bf gi="1011" ue="64511" us="64510" />
			<bf gi="823" ue="64521" us="64520" />
			<bf gi="825" ue="64526" us="64526" />
			<bf gi="826" ue="64530" us="64530" />
			<bf gi="827" ue="64562" us="64561" />
			<bf gi="829" ue="64580" us="64575" />
			<bf gi="835" ue="64591" us="64590" />
			<bf gi="837" ue="64601" us="64600" />
			<bf gi="839" ue="64610" us="64606" />
			<bf gi="844" ue="64618" us="64618" />
			<bf gi="845" ue="64624" us="64621" />
			<bf gi="849" ue="64629" us="64627" />
			<bf gi="852" ue="64655" us="64654" />
			<bf gi="854" ue="64657" us="64657" />
			<bf gi="855" ue="64660" us="64660" />
			<bf gi="856" ue="64678" us="64668" />
			<bf gi="867" ue="64680" us="64680" />
			<bf gi="868" ue="64682" us="64682" />
			<bf gi="869" ue="64684" us="64684" />
			<bf gi="870" ue="64688" us="64688" />
			<bf gi="871" ue="64725" us="64713" />
			<bf gi="783" ue="64726" us="64726" />
			<bf gi="884" ue="64728" us="64728" />
			<bf gi="885" ue="64733" us="64730" />
			<bf gi="889" ue="64816" us="64816" />
			<bf gi="890" ue="64831" us="64828" />
			<bf gi="894" ue="64904" us="64904" />
			<bf gi="895" ue="65010" us="65010" />
			<bf gi="2867" ue="65020" us="65020" />
			<bf gi="2674" ue="65059" us="65056" />
			<bf gi="896" ue="65276" us="65152" />
			<bf gi="1021" ue="65279" us="65279" />
			<bf gi="1128" ue="65532" us="65532" />
			<bf gi="0" ue="65535" us="65535" />
		</bfranges>
		<cid-widths start-index="0">
			<wx w="600" />
			<wx w="0" />
			<wx w="600" />
			<wx w="600" />
			<wx w="600" />
			<wx w="600" />
			<wx w="600" />
			<wx w="600" />
			<wx w="600" />
			<wx w="600" />
			<wx w="600" />
			<wx w="600" />
			<wx w="600" />
			<wx w="600" />
			<wx w="600" />
			<wx w="600" />
			<wx w="600" />
			<wx w="600" />
			<wx w="600" />
			<wx w="600" />
			<wx w="600" />
			<wx w="600" />
			<wx w="600" />
			<wx w="600" />
			<wx w="600" />
			<wx w="600" />
			<wx w="600" />
			<wx w="600" />
			<wx w="600" />
			<wx w="600" />
			<wx w="600" />
			<wx w="600" />
			<wx w="600" />
			<wx w="600" />
			<wx w="600" />
			<wx w="600" />
			<wx w="600" />
			<wx w="600" />
			<wx w="600" />
			<wx w="600" />
			<wx w="600" />
			<wx w="600" />
			<wx w="600" />
			<wx w="600" />
			<wx w="600" />
			<wx w="600" />
			<wx w="600" />
			<wx w="600" />
			<wx w="600" />
			<wx w="600" />
			<wx w="600" />
			<wx w="600" />
			<wx w="600" />
			<wx w="600" />
			<wx w="600" />
			<wx w="600" />
			<wx w="600" />
			<wx w="600" />
			<wx w="600" />
			<wx w="600" />
			<wx w="600" />
			<wx w="600" />
			<wx w="600" />
			<wx w="600" />
			<wx w="600" />
			<wx w="600" />
			<wx w="600" />
			<wx w="600" />
			<wx w="600" />
			<wx w="600" />
			<wx w="600" />
			<wx w="600" />
			<wx w="600" />
			<wx w="600" />
			<wx w="600" />
			<wx w="600" />
			<wx w="600" />
			<wx w="600" />
			<wx w="600" />
			<wx w="600" />
			<wx w="600" />
			<wx w="600" />
			<wx w="600" />
			<wx w="600" />
			<wx w="600" />
			<wx w="600" />
			<wx w="600" />
			<wx w="600" />
			<wx w="600" />
			<wx w="600" />
			<wx w="600" />
			<wx w="600" />
			<wx w="600" />
			<wx w="600" />
			<wx w="600" />
			<wx w="600" />
			<wx w="600" />
			<wx w="600" />
			<wx w="600" />
			<wx w="600" />
			<wx w="600" />
			<wx w="600" />
			<wx w="600" />
			<wx w="600" />
			<wx w="600" />
			<wx w="600" />
			<wx w="600" />
			<wx w="600" />
			<wx w="600" />
			<wx w="600" />
			<wx w="600" />
			<wx w="600" />
			<wx w="600" />
			<wx w="600" />
			<wx w="600" />
			<wx w="600" />
			<wx w="600" />
			<wx w="600" />
			<wx w="600" />
			<wx w="600" />
			<wx w="600" />
			<wx w="600" />
			<wx w="600" />
			<wx w="600" />
			<wx w="600" />
			<wx w="600" />
			<wx w="600" />
			<wx w="600" />
			<wx w="600" />
			<wx w="600" />
			<wx w="600" />
			<wx w="600" />
			<wx w="600" />
			<wx w="600" />
			<wx w="600" />
			<wx w="600" />
			<wx w="600" />
			<wx w="600" />
			<wx w="600" />
			<wx w="600" />
			<wx w="600" />
			<wx w="600" />
			<wx w="600" />
			<wx w="600" />
			<wx w="600" />
			<wx w="600" />
			<wx w="600" />
			<wx w="600" />
			<wx w="600" />
			<wx w="600" />
			<wx w="600" />
			<wx w="600" />
			<wx w="600" />
			<wx w="600" />
			<wx w="600" />
			<wx w="600" />
			<wx w="600" />
			<wx w="600" />
			<wx w="600" />
			<wx w="600" />
			<wx w="600" />
			<wx w="600" />
			<wx w="600" />
			<wx w="600" />
			<wx w="600" />
			<wx w="600" />
			<wx w="600" />
			<wx w="600" />
			<wx w="600" />
			<wx w="600" />
			<wx w="600" />
			<wx w="600" />
			<wx w="600" />
			<wx w="600" />
			<wx w="600" />
			<wx w="600" />
			<wx w="600" />
			<wx w="600" />
			<wx w="600" />
			<wx w="600" />
			<wx w="600" />
			<wx w="600" />
			<wx w="600" />
			<wx w="600" />
			<wx w="600" />
			<wx w="600" />
			<wx w="600" />
			<wx w="600" />
			<wx w="600" />
			<wx w="600" />
			<wx w="600" />
			<wx w="600" />
			<wx w="600" />
			<wx w="600" />
			<wx w="600" />
			<wx w="600" />
			<wx w="600" />
			<wx w="600" />
			<wx w="600" />
			<wx w="600" />
			<wx w="600" />
			<wx w="600" />
			<wx w="600" />
			<wx w="600" />
			<wx w="600" />
			<wx w="600" />
			<wx w="600" />
			<wx w="600" />
			<wx w="600" />
			<wx w="600" />
			<wx w="600" />
			<wx w="600" />
			<wx w="600" />
			<wx w="600" />
			<wx w="600" />
			<wx w="600" />
			<wx w="600" />
			<wx w="600" />
			<wx w="600" />
			<wx w="600" />
			<wx w="600" />
			<wx w="600" />
			<wx w="600" />
			<wx w="600" />
			<wx w="600" />
			<wx w="600" />
			<wx w="600" />
			<wx w="600" />
			<wx w="600" />
			<wx w="600" />
			<wx w="600" />
			<wx w="600" />
			<wx w="600" />
			<wx w="600" />
			<wx w="600" />
			<wx w="600" />
			<wx w="600" />
			<wx w="600" />
			<wx w="600" />
			<wx w="600" />
			<wx w="600" />
			<wx w="600" />
			<wx w="600" />
			<wx w="600" />
			<wx w="600" />
			<wx w="600" />
			<wx w="600" />
			<wx w="600" />
			<wx w="600" />
			<wx w="600" />
			<wx w="600" />
			<wx w="600" />
			<wx w="600" />
			<wx w="600" />
			<wx w="600" />
			<wx w="600" />
			<wx w="600" />
			<wx w="600" />
			<wx w="600" />
			<wx w="600" />
			<wx w="600" />
			<wx w="600" />
			<wx w="600" />
			<wx w="600" />
			<wx w="600" />
			<wx w="600" />
			<wx w="600" />
			<wx w="600" />
			<wx w="600" />
			<wx w="600" />
			<wx w="600" />
			<wx w="600" />
			<wx w="600" />
			<wx w="600" />
			<wx w="600" />
			<wx w="600" />
			<wx w="600" />
			<wx w="600" />
			<wx w="600" />
			<wx w="600" />
			<wx w="600" />
			<wx w="600" />
			<wx w="600" />
			<wx w="600" />
			<wx w="600" />
			<wx w="600" />
			<wx w="600" />
			<wx w="600" />
			<wx w="600" />
			<wx w="600" />
			<wx w="600" />
			<wx w="600" />
			<wx w="600" />
			<wx w="600" />
			<wx w="600" />
			<wx w="600" />
			<wx w="600" />
			<wx w="600" />
			<wx w="600" />
			<wx w="600" />
			<wx w="600" />
			<wx w="600" />
			<wx w="600" />
			<wx w="600" />
			<wx w="600" />
			<wx w="600" />
			<wx w="600" />
			<wx w="600" />
			<wx w="600" />
			<wx w="600" />
			<wx w="600" />
			<wx w="600" />
			<wx w="600" />
			<wx w="600" />
			<wx w="600" />
			<wx w="600" />
			<wx w="600" />
			<wx w="600" />
			<wx w="600" />
			<wx w="600" />
			<wx w="600" />
			<wx w="600" />
			<wx w="600" />
			<wx w="600" />
			<wx w="600" />
			<wx w="600" />
			<wx w="600" />
			<wx w="600" />
			<wx w="600" />
			<wx w="600" />
			<wx w="600" />
			<wx w="600" />
			<wx w="600" />
			<wx w="600" />
			<wx w="600" />
			<wx w="600" />
			<wx w="600" />
			<wx w="600" />
			<wx w="600" />
			<wx w="600" />
			<wx w="600" />
			<wx w="600" />
			<wx w="600" />
			<wx w="600" />
			<wx w="600" />
			<wx w="600" />
			<wx w="600" />
			<wx w="600" />
			<wx w="600" />
			<wx w="600" />
			<wx w="600" />
			<wx w="600" />
			<wx w="600" />
			<wx w="600" />
			<wx w="600" />
			<wx w="600" />
			<wx w="600" />
			<wx w="600" />
			<wx w="600" />
			<wx w="600" />
			<wx w="600" />
			<wx w="600" />
			<wx w="600" />
			<wx w="600" />
			<wx w="600" />
			<wx w="600" />
			<wx w="600" />
			<wx w="600" />
			<wx w="600" />
			<wx w="600" />
			<wx w="600" />
			<wx w="600" />
			<wx w="600" />
			<wx w="600" />
			<wx w="600" />
			<wx w="600" />
			<wx w="600" />
			<wx w="600" />
			<wx w="600" />
			<wx w="600" />
			<wx w="600" />
			<wx w="600" />
			<wx w="600" />
			<wx w="600" />
			<wx w="600" />
			<wx w="600" />
			<wx w="600" />
			<wx w="600" />
			<wx w="600" />
			<wx w="600" />
			<wx w="600" />
			<wx w="600" />
			<wx w="600" />
			<wx w="600" />
			<wx w="600" />
			<wx w="600" />
			<wx w="600" />
			<wx w="600" />
			<wx w="600" />
			<wx w="600" />
			<wx w="600" />
			<wx w="600" />
			<wx w="600" />
			<wx w="600" />
			<wx w="600" />
			<wx w="600" />
			<wx w="600" />
			<wx w="600" />
			<wx w="600" />
			<wx w="600" />
			<wx w="600" />
			<wx w="600" />
			<wx w="600" />
			<wx w="600" />
			<wx w="600" />
			<wx w="600" />
			<wx w="600" />
			<wx w="600" />
			<wx w="600" />
			<wx w="600" />
			<wx w="600" />
			<wx w="600" />
			<wx w="600" />
			<wx w="600" />
			<wx w="600" />
			<wx w="600" />
			<wx w="600" />
			<wx w="600" />
			<wx w="600" />
			<wx w="600" />
			<wx w="600" />
			<wx w="600" />
			<wx w="600" />
			<wx w="600" />
			<wx w="600" />
			<wx w="600" />
			<wx w="600" />
			<wx w="600" />
			<wx w="600" />
			<wx w="600" />
			<wx w="600" />
			<wx w="600" />
			<wx w="600" />
			<wx w="600" />
			<wx w="600" />
			<wx w="600" />
			<wx w="600" />
			<wx w="600" />
			<wx w="600" />
			<wx w="600" />
			<wx w="600" />
			<wx w="600" />
			<wx w="600" />
			<wx w="600" />
			<wx w="600" />
			<wx w="600" />
			<wx w="600" />
			<wx w="600" />
			<wx w="600" />
			<wx w="600" />
			<wx w="600" />
			<wx w="600" />
			<wx w="600" />
			<wx w="600" />
			<wx w="600" />
			<wx w="600" />
			<wx w="600" />
			<wx w="600" />
			<wx w="600" />
			<wx w="600" />
			<wx w="600" />
			<wx w="600" />
			<wx w="600" />
			<wx w="600" />
			<wx w="600" />
			<wx w="600" />
			<wx w="600" />
			<wx w="600" />
			<wx w="600" />
			<wx w="600" />
			<wx w="600" />
			<wx w="600" />
			<wx w="600" />
			<wx w="600" />
			<wx w="600" />
			<wx w="600" />
			<wx w="600" />
			<wx w="600" />
			<wx w="600" />
			<wx w="600" />
			<wx w="600" />
			<wx w="600" />
			<wx w="600" />
			<wx w="600" />
			<wx w="600" />
			<wx w="600" />
			<wx w="600" />
			<wx w="600" />
			<wx w="600" />
			<wx w="600" />
			<wx w="600" />
			<wx w="600" />
			<wx w="600" />
			<wx w="600" />
			<wx w="600" />
			<wx w="600" />
			<wx w="600" />
			<wx w="600" />
			<wx w="600" />
			<wx w="600" />
			<wx w="600" />
			<wx w="600" />
			<wx w="600" />
			<wx w="600" />
			<wx w="600" />
			<wx w="600" />
			<wx w="600" />
			<wx w="600" />
			<wx w="600" />
			<wx w="600" />
			<wx w="600" />
			<wx w="600" />
			<wx w="600" />
			<wx w="600" />
			<wx w="600" />
			<wx w="600" />
			<wx w="600" />
			<wx w="600" />
			<wx w="600" />
			<wx w="600" />
			<wx w="600" />
			<wx w="600" />
			<wx w="600" />
			<wx w="600" />
			<wx w="600" />
			<wx w="600" />
			<wx w="600" />
			<wx w="600" />
			<wx w="600" />
			<wx w="600" />
			<wx w="600" />
			<wx w="600" />
			<wx w="600" />
			<wx w="600" />
			<wx w="600" />
			<wx w="600" />
			<wx w="600" />
			<wx w="600" />
			<wx w="600" />
			<wx w="600" />
			<wx w="600" />
			<wx w="600" />
			<wx w="600" />
			<wx w="600" />
			<wx w="600" />
			<wx w="600" />
			<wx w="600" />
			<wx w="600" />
			<wx w="600" />
			<wx w="600" />
			<wx w="600" />
			<wx w="600" />
			<wx w="600" />
			<wx w="600" />
			<wx w="600" />
			<wx w="600" />
			<wx w="600" />
			<wx w="600" />
			<wx w="600" />
			<wx w="600" />
			<wx w="600" />
			<wx w="600" />
			<wx w="600" />
			<wx w="600" />
			<wx w="600" />
			<wx w="600" />
			<wx w="600" />
			<wx w="600" />
			<wx w="600" />
			<wx w="600" />
			<wx w="600" />
			<wx w="600" />
			<wx w="600" />
			<wx w="600" />
			<wx w="600" />
			<wx w="600" />
			<wx w="600" />
			<wx w="600" />
			<wx w="600" />
			<wx w="600" />
			<wx w="600" />
			<wx w="600" />
			<wx w="600" />
			<wx w="600" />
			<wx w="600" />
			<wx w="600" />
			<wx w="600" />
			<wx w="600" />
			<wx w="600" />
			<wx w="600" />
			<wx w="600" />
			<wx w="600" />
			<wx w="600" />
			<wx w="600" />
			<wx w="600" />
			<wx w="600" />
			<wx w="600" />
			<wx w="600" />
			<wx w="600" />
			<wx w="600" />
			<wx w="600" />
			<wx w="600" />
			<wx w="600" />
			<wx w="600" />
			<wx w="600" />
			<wx w="600" />
			<wx w="600" />
			<wx w="600" />
			<wx w="600" />
			<wx w="600" />
			<wx w="600" />
			<wx w="600" />
			<wx w="600" />
			<wx w="600" />
			<wx w="600" />
			<wx w="600" />
			<wx w="600" />
			<wx w="600" />
			<wx w="600" />
			<wx w="600" />
			<wx w="600" />
			<wx w="600" />
			<wx w="600" />
			<wx w="600" />
			<wx w="600" />
			<wx w="600" />
			<wx w="600" />
			<wx w="600" />
			<wx w="600" />
			<wx w="600" />
			<wx w="600" />
			<wx w="600" />
			<wx w="600" />
			<wx w="600" />
			<wx w="600" />
			<wx w="600" />
			<wx w="600" />
			<wx w="600" />
			<wx w="600" />
			<wx w="600" />
			<wx w="600" />
			<wx w="600" />
			<wx w="600" />
			<wx w="600" />
			<wx w="600" />
			<wx w="600" />
			<wx w="600" />
			<wx w="600" />
			<wx w="600" />
			<wx w="600" />
			<wx w="600" />
			<wx w="600" />
			<wx w="600" />
			<wx w="600" />
			<wx w="600" />
			<wx w="600" />
			<wx w="600" />
			<wx w="600" />
			<wx w="600" />
			<wx w="600" />
			<wx w="600" />
			<wx w="600" />
			<wx w="600" />
			<wx w="600" />
			<wx w="600" />
			<wx w="600" />
			<wx w="600" />
			<wx w="600" />
			<wx w="600" />
			<wx w="600" />
			<wx w="600" />
			<wx w="600" />
			<wx w="600" />
			<wx w="600" />
			<wx w="600" />
			<wx w="600" />
			<wx w="600" />
			<wx w="600" />
			<wx w="600" />
			<wx w="600" />
			<wx w="600" />
			<wx w="600" />
			<wx w="600" />
			<wx w="600" />
			<wx w="600" />
			<wx w="600" />
			<wx w="600" />
			<wx w="600" />
			<wx w="600" />
			<wx w="600" />
			<wx w="600" />
			<wx w="600" />
			<wx w="600" />
			<wx w="600" />
			<wx w="600" />
			<wx w="600" />
			<wx w="600" />
			<wx w="600" />
			<wx w="600" />
			<wx w="600" />
			<wx w="600" />
			<wx w="600" />
			<wx w="600" />
			<wx w="600" />
			<wx w="600" />
			<wx w="600" />
			<wx w="600" />
			<wx w="600" />
			<wx w="600" />
			<wx w="600" />
			<wx w="600" />
			<wx w="600" />
			<wx w="600" />
			<wx w="600" />
			<wx w="600" />
			<wx w="600" />
			<wx w="600" />
			<wx w="600" />
			<wx w="600" />
			<wx w="600" />
			<wx w="600" />
			<wx w="600" />
			<wx w="600" />
			<wx w="600" />
			<wx w="600" />
			<wx w="600" />
			<wx w="600" />
			<wx w="600" />
			<wx w="600" />
			<wx w="600" />
			<wx w="600" />
			<wx w="600" />
			<wx w="600" />
			<wx w="600" />
			<wx w="600" />
			<wx w="600" />
			<wx w="600" />
			<wx w="600" />
			<wx w="600" />
			<wx w="600" />
			<wx w="600" />
			<wx w="600" />
			<wx w="600" />
			<wx w="600" />
			<wx w="600" />
			<wx w="600" />
			<wx w="600" />
			<wx w="600" />
			<wx w="600" />
			<wx w="600" />
			<wx w="600" />
			<wx w="600" />
			<wx w="600" />
			<wx w="600" />
			<wx w="600" />
			<wx w="600" />
			<wx w="600" />
			<wx w="600" />
			<wx w="600" />
			<wx w="600" />
			<wx w="600" />
			<wx w="600" />
			<wx w="600" />
			<wx w="600" />
			<wx w="600" />
			<wx w="600" />
			<wx w="600" />
			<wx w="600" />
			<wx w="600" />
			<wx w="600" />
			<wx w="600" />
			<wx w="600" />
			<wx w="600" />
			<wx w="600" />
			<wx w="600" />
			<wx w="600" />
			<wx w="600" />
			<wx w="600" />
			<wx w="600" />
			<wx w="600" />
			<wx w="600" />
			<wx w="600" />
			<wx w="600" />
			<wx w="600" />
			<wx w="600" />
			<wx w="600" />
			<wx w="600" />
			<wx w="600" />
			<wx w="600" />
			<wx w="600" />
			<wx w="600" />
			<wx w="600" />
			<wx w="600" />
			<wx w="600" />
			<wx w="600" />
			<wx w="600" />
			<wx w="600" />
			<wx w="600" />
			<wx w="600" />
			<wx w="600" />
			<wx w="600" />
			<wx w="600" />
			<wx w="600" />
			<wx w="600" />
			<wx w="600" />
			<wx w="600" />
			<wx w="600" />
			<wx w="600" />
			<wx w="600" />
			<wx w="600" />
			<wx w="600" />
			<wx w="600" />
			<wx w="600" />
			<wx w="600" />
			<wx w="600" />
			<wx w="600" />
			<wx w="600" />
			<wx w="600" />
			<wx w="600" />
			<wx w="600" />
			<wx w="600" />
			<wx w="600" />
			<wx w="600" />
			<wx w="600" />
			<wx w="600" />
			<wx w="600" />
			<wx w="600" />
			<wx w="600" />
			<wx w="600" />
			<wx w="600" />
			<wx w="600" />
			<wx w="600" />
			<wx w="600" />
			<wx w="600" />
			<wx w="600" />
			<wx w="600" />
			<wx w="600" />
			<wx w="600" />
			<wx w="600" />
			<wx w="600" />
			<wx w="600" />
			<wx w="600" />
			<wx w="600" />
			<wx w="600" />
			<wx w="600" />
			<wx w="600" />
			<wx w="600" />
			<wx w="600" />
			<wx w="600" />
			<wx w="600" />
			<wx w="600" />
			<wx w="600" />
			<wx w="600" />
			<wx w="600" />
			<wx w="600" />
			<wx w="600" />
			<wx w="600" />
			<wx w="600" />
			<wx w="600" />
			<wx w="600" />
			<wx w="600" />
			<wx w="600" />
			<wx w="600" />
			<wx w="600" />
			<wx w="600" />
			<wx w="600" />
			<wx w="600" />
			<wx w="600" />
			<wx w="600" />
			<wx w="600" />
			<wx w="600" />
			<wx w="600" />
			<wx w="600" />
			<wx w="600" />
			<wx w="600" />
			<wx w="600" />
			<wx w="600" />
			<wx w="600" />
			<wx w="600" />
			<wx w="600" />
			<wx w="600" />
			<wx w="600" />
			<wx w="600" />
			<wx w="600" />
			<wx w="600" />
			<wx w="600" />
			<wx w="600" />
			<wx w="600" />
			<wx w="600" />
			<wx w="600" />
			<wx w="600" />
			<wx w="600" />
			<wx w="600" />
			<wx w="600" />
			<wx w="600" />
			<wx w="600" />
			<wx w="600" />
			<wx w="600" />
			<wx w="600" />
			<wx w="600" />
			<wx w="600" />
			<wx w="600" />
			<wx w="600" />
			<wx w="600" />
			<wx w="600" />
			<wx w="600" />
			<wx w="600" />
			<wx w="600" />
			<wx w="600" />
			<wx w="600" />
			<wx w="600" />
			<wx w="600" />
			<wx w="600" />
			<wx w="600" />
			<wx w="600" />
			<wx w="600" />
			<wx w="600" />
			<wx w="600" />
			<wx w="600" />
			<wx w="600" />
			<wx w="600" />
			<wx w="600" />
			<wx w="600" />
			<wx w="600" />
			<wx w="600" />
			<wx w="600" />
			<wx w="600" />
			<wx w="600" />
			<wx w="600" />
			<wx w="600" />
			<wx w="600" />
			<wx w="600" />
			<wx w="600" />
			<wx w="600" />
			<wx w="600" />
			<wx w="600" />
			<wx w="600" />
			<wx w="600" />
			<wx w="600" />
			<wx w="600" />
			<wx w="600" />
			<wx w="600" />
			<wx w="600" />
			<wx w="600" />
			<wx w="600" />
			<wx w="600" />
			<wx w="600" />
			<wx w="600" />
			<wx w="600" />
			<wx w="600" />
			<wx w="600" />
			<wx w="600" />
			<wx w="600" />
			<wx w="600" />
			<wx w="600" />
			<wx w="600" />
			<wx w="600" />
			<wx w="600" />
			<wx w="600" />
			<wx w="600" />
			<wx w="600" />
			<wx w="600" />
			<wx w="600" />
			<wx w="600" />
			<wx w="600" />
			<wx w="600" />
			<wx w="600" />
			<wx w="600" />
			<wx w="600" />
			<wx w="600" />
			<wx w="600" />
			<wx w="600" />
			<wx w="600" />
			<wx w="600" />
			<wx w="600" />
			<wx w="600" />
			<wx w="600" />
			<wx w="600" />
			<wx w="600" />
			<wx w="600" />
			<wx w="600" />
			<wx w="600" />
			<wx w="600" />
			<wx w="600" />
			<wx w="600" />
			<wx w="600" />
			<wx w="600" />
			<wx w="600" />
			<wx w="600" />
			<wx w="600" />
			<wx w="600" />
			<wx w="600" />
			<wx w="600" />
			<wx w="600" />
			<wx w="600" />
			<wx w="600" />
			<wx w="600" />
			<wx w="600" />
			<wx w="600" />
			<wx w="600" />
			<wx w="600" />
			<wx w="600" />
			<wx w="600" />
			<wx w="600" />
			<wx w="600" />
			<wx w="600" />
			<wx w="600" />
			<wx w="600" />
			<wx w="600" />
			<wx w="600" />
			<wx w="600" />
			<wx w="600" />
			<wx w="600" />
			<wx w="600" />
			<wx w="600" />
			<wx w="600" />
			<wx w="600" />
			<wx w="600" />
			<wx w="600" />
			<wx w="600" />
			<wx w="600" />
			<wx w="600" />
			<wx w="600" />
			<wx w="600" />
			<wx w="600" />
			<wx w="600" />
			<wx w="600" />
			<wx w="600" />
			<wx w="600" />
			<wx w="600" />
			<wx w="600" />
			<wx w="600" />
			<wx w="600" />
			<wx w="600" />
			<wx w="600" />
			<wx w="600" />
			<wx w="600" />
			<wx w="600" />
			<wx w="600" />
			<wx w="600" />
			<wx w="600" />
			<wx w="600" />
			<wx w="600" />
			<wx w="600" />
			<wx w="600" />
			<wx w="600" />
			<wx w="600" />
			<wx w="600" />
			<wx w="600" />
			<wx w="600" />
			<wx w="600" />
			<wx w="600" />
			<wx w="600" />
			<wx w="600" />
			<wx w="600" />
			<wx w="600" />
			<wx w="600" />
			<wx w="600" />
			<wx w="600" />
			<wx w="600" />
			<wx w="600" />
			<wx w="600" />
			<wx w="600" />
			<wx w="600" />
			<wx w="600" />
			<wx w="600" />
			<wx w="600" />
			<wx w="600" />
			<wx w="600" />
			<wx w="600" />
			<wx w="600" />
			<wx w="600" />
			<wx w="600" />
			<wx w="600" />
			<wx w="600" />
			<wx w="600" />
			<wx w="600" />
			<wx w="600" />
			<wx w="600" />
			<wx w="600" />
			<wx w="600" />
			<wx w="600" />
			<wx w="600" />
			<wx w="600" />
			<wx w="600" />
			<wx w="600" />
			<wx w="600" />
			<wx w="600" />
			<wx w="600" />
			<wx w="600" />
			<wx w="600" />
			<wx w="600" />
			<wx w="600" />
			<wx w="600" />
			<wx w="600" />
			<wx w="600" />
			<wx w="600" />
			<wx w="600" />
			<wx w="600" />
			<wx w="600" />
			<wx w="600" />
			<wx w="600" />
			<wx w="600" />
			<wx w="600" />
			<wx w="600" />
			<wx w="600" />
			<wx w="600" />
			<wx w="600" />
			<wx w="600" />
			<wx w="600" />
			<wx w="600" />
			<wx w="600" />
			<wx w="600" />
			<wx w="600" />
			<wx w="600" />
			<wx w="600" />
			<wx w="600" />
			<wx w="600" />
			<wx w="600" />
			<wx w="600" />
			<wx w="600" />
			<wx w="600" />
			<wx w="600" />
			<wx w="600" />
			<wx w="600" />
			<wx w="600" />
			<wx w="600" />
			<wx w="600" />
			<wx w="600" />
			<wx w="600" />
			<wx w="600" />
			<wx w="600" />
			<wx w="600" />
			<wx w="600" />
			<wx w="600" />
			<wx w="600" />
			<wx w="600" />
			<wx w="600" />
			<wx w="600" />
			<wx w="600" />
			<wx w="600" />
			<wx w="600" />
			<wx w="600" />
			<wx w="600" />
			<wx w="600" />
			<wx w="600" />
			<wx w="600" />
			<wx w="600" />
			<wx w="600" />
			<wx w="600" />
			<wx w="600" />
			<wx w="600" />
			<wx w="600" />
			<wx w="600" />
			<wx w="600" />
			<wx w="600" />
			<wx w="600" />
			<wx w="600" />
			<wx w="600" />
			<wx w="600" />
			<wx w="600" />
			<wx w="600" />
			<wx w="600" />
			<wx w="600" />
			<wx w="600" />
			<wx w="600" />
			<wx w="600" />
			<wx w="600" />
			<wx w="600" />
			<wx w="600" />
			<wx w="600" />
			<wx w="600" />
			<wx w="600" />
			<wx w="600" />
			<wx w="600" />
			<wx w="600" />
			<wx w="600" />
			<wx w="600" />
			<wx w="600" />
			<wx w="600" />
			<wx w="600" />
			<wx w="600" />
			<wx w="600" />
			<wx w="600" />
			<wx w="600" />
			<wx w="600" />
			<wx w="600" />
			<wx w="600" />
			<wx w="600" />
			<wx w="600" />
			<wx w="600" />
			<wx w="600" />
			<wx w="600" />
			<wx w="600" />
			<wx w="600" />
			<wx w="600" />
			<wx w="600" />
			<wx w="600" />
			<wx w="600" />
			<wx w="600" />
			<wx w="600" />
			<wx w="600" />
			<wx w="600" />
			<wx w="600" />
			<wx w="600" />
			<wx w="600" />
			<wx w="600" />
			<wx w="600" />
			<wx w="600" />
			<wx w="600" />
			<wx w="600" />
			<wx w="600" />
			<wx w="600" />
			<wx w="600" />
			<wx w="600" />
			<wx w="600" />
			<wx w="600" />
			<wx w="600" />
			<wx w="600" />
			<wx w="600" />
			<wx w="600" />
			<wx w="600" />
			<wx w="600" />
			<wx w="600" />
			<wx w="600" />
			<wx w="600" />
			<wx w="600" />
			<wx w="600" />
			<wx w="600" />
			<wx w="600" />
			<wx w="600" />
			<wx w="600" />
			<wx w="600" />
			<wx w="600" />
			<wx w="600" />
			<wx w="600" />
			<wx w="600" />
			<wx w="600" />
			<wx w="600" />
			<wx w="600" />
			<wx w="600" />
			<wx w="600" />
			<wx w="600" />
			<wx w="600" />
			<wx w="600" />
			<wx w="600" />
			<wx w="600" />
			<wx w="600" />
			<wx w="600" />
			<wx w="600" />
			<wx w="600" />
			<wx w="600" />
			<wx w="600" />
			<wx w="600" />
			<wx w="600" />
			<wx w="600" />
			<wx w="600" />
			<wx w="600" />
			<wx w="600" />
			<wx w="600" />
			<wx w="600" />
			<wx w="600" />
			<wx w="600" />
			<wx w="600" />
			<wx w="600" />
			<wx w="600" />
			<wx w="600" />
			<wx w="600" />
			<wx w="600" />
			<wx w="600" />
			<wx w="600" />
			<wx w="600" />
			<wx w="600" />
			<wx w="600" />
			<wx w="600" />
			<wx w="600" />
			<wx w="600" />
			<wx w="600" />
			<wx w="600" />
			<wx w="600" />
			<wx w="600" />
			<wx w="600" />
			<wx w="600" />
			<wx w="600" />
			<wx w="600" />
			<wx w="600" />
			<wx w="600" />
			<wx w="600" />
			<wx w="600" />
			<wx w="600" />
			<wx w="600" />
			<wx w="600" />
			<wx w="600" />
			<wx w="600" />
			<wx w="600" />
			<wx w="600" />
			<wx w="600" />
			<wx w="600" />
			<wx w="600" />
			<wx w="600" />
			<wx w="600" />
			<wx w="600" />
			<wx w="600" />
			<wx w="600" />
			<wx w="600" />
			<wx w="600" />
			<wx w="600" />
			<wx w="600" />
			<wx w="600" />
			<wx w="600" />
			<wx w="600" />
			<wx w="600" />
			<wx w="600" />
			<wx w="600" />
			<wx w="600" />
			<wx w="600" />
			<wx w="600" />
			<wx w="600" />
			<wx w="600" />
			<wx w="600" />
			<wx w="600" />
			<wx w="600" />
			<wx w="600" />
			<wx w="600" />
			<wx w="600" />
			<wx w="600" />
			<wx w="600" />
			<wx w="600" />
			<wx w="600" />
			<wx w="600" />
			<wx w="600" />
			<wx w="600" />
			<wx w="600" />
			<wx w="600" />
			<wx w="600" />
			<wx w="600" />
			<wx w="600" />
			<wx w="600" />
			<wx w="600" />
			<wx w="600" />
			<wx w="600" />
			<wx w="600" />
			<wx w="600" />
			<wx w="600" />
			<wx w="600" />
			<wx w="600" />
			<wx w="600" />
			<wx w="600" />
			<wx w="600" />
			<wx w="600" />
			<wx w="600" />
			<wx w="600" />
			<wx w="600" />
			<wx w="600" />
			<wx w="600" />
			<wx w="600" />
			<wx w="600" />
			<wx w="600" />
			<wx w="600" />
			<wx w="600" />
			<wx w="600" />
			<wx w="600" />
			<wx w="600" />
			<wx w="600" />
			<wx w="600" />
			<wx w="600" />
			<wx w="600" />
			<wx w="600" />
			<wx w="600" />
			<wx w="600" />
			<wx w="600" />
			<wx w="600" />
			<wx w="600" />
			<wx w="600" />
			<wx w="600" />
			<wx w="600" />
			<wx w="600" />
			<wx w="600" />
			<wx w="600" />
			<wx w="600" />
			<wx w="600" />
			<wx w="600" />
			<wx w="600" />
			<wx w="600" />
			<wx w="600" />
			<wx w="600" />
			<wx w="600" />
			<wx w="600" />
			<wx w="600" />
			<wx w="600" />
			<wx w="600" />
			<wx w="600" />
			<wx w="600" />
			<wx w="600" />
			<wx w="600" />
			<wx w="600" />
			<wx w="600" />
			<wx w="600" />
			<wx w="600" />
			<wx w="600" />
			<wx w="600" />
			<wx w="600" />
			<wx w="600" />
			<wx w="600" />
			<wx w="600" />
			<wx w="600" />
			<wx w="600" />
			<wx w="600" />
			<wx w="600" />
			<wx w="600" />
			<wx w="600" />
			<wx w="600" />
			<wx w="600" />
			<wx w="600" />
			<wx w="600" />
			<wx w="600" />
			<wx w="600" />
			<wx w="600" />
			<wx w="600" />
			<wx w="600" />
			<wx w="600" />
			<wx w="600" />
			<wx w="600" />
			<wx w="600" />
			<wx w="600" />
			<wx w="600" />
			<wx w="600" />
			<wx w="600" />
			<wx w="600" />
			<wx w="600" />
			<wx w="600" />
			<wx w="600" />
			<wx w="600" />
			<wx w="600" />
			<wx w="600" />
			<wx w="600" />
			<wx w="600" />
			<wx w="600" />
			<wx w="600" />
			<wx w="600" />
			<wx w="600" />
			<wx w="600" />
			<wx w="600" />
			<wx w="600" />
			<wx w="600" />
			<wx w="600" />
			<wx w="600" />
			<wx w="600" />
			<wx w="600" />
			<wx w="600" />
			<wx w="600" />
			<wx w="600" />
			<wx w="600" />
			<wx w="600" />
			<wx w="600" />
			<wx w="600" />
			<wx w="600" />
			<wx w="600" />
			<wx w="600" />
			<wx w="600" />
			<wx w="600" />
			<wx w="600" />
			<wx w="600" />
			<wx w="600" />
			<wx w="600" />
			<wx w="600" />
			<wx w="600" />
			<wx w="600" />
			<wx w="600" />
			<wx w="600" />
			<wx w="600" />
			<wx w="600" />
			<wx w="600" />
			<wx w="600" />
			<wx w="600" />
			<wx w="600" />
			<wx w="600" />
			<wx w="600" />
			<wx w="600" />
			<wx w="600" />
			<wx w="600" />
			<wx w="600" />
			<wx w="600" />
			<wx w="600" />
			<wx w="600" />
			<wx w="600" />
			<wx w="600" />
			<wx w="600" />
			<wx w="600" />
			<wx w="600" />
			<wx w="600" />
			<wx w="600" />
			<wx w="600" />
			<wx w="600" />
			<wx w="600" />
			<wx w="600" />
			<wx w="600" />
			<wx w="600" />
			<wx w="600" />
			<wx w="600" />
			<wx w="600" />
			<wx w="600" />
			<wx w="600" />
			<wx w="600" />
			<wx w="600" />
			<wx w="600" />
			<wx w="600" />
			<wx w="600" />
			<wx w="600" />
			<wx w="600" />
			<wx w="600" />
			<wx w="600" />
			<wx w="600" />
			<wx w="600" />
			<wx w="600" />
			<wx w="600" />
			<wx w="600" />
			<wx w="600" />
			<wx w="600" />
			<wx w="600" />
			<wx w="600" />
			<wx w="600" />
			<wx w="600" />
			<wx w="600" />
			<wx w="600" />
			<wx w="600" />
			<wx w="600" />
			<wx w="600" />
			<wx w="600" />
			<wx w="600" />
			<wx w="600" />
			<wx w="600" />
			<wx w="600" />
			<wx w="600" />
			<wx w="600" />
			<wx w="600" />
			<wx w="600" />
			<wx w="600" />
			<wx w="600" />
			<wx w="600" />
			<wx w="600" />
			<wx w="600" />
			<wx w="600" />
			<wx w="600" />
			<wx w="600" />
			<wx w="600" />
			<wx w="600" />
			<wx w="600" />
			<wx w="600" />
			<wx w="600" />
			<wx w="600" />
			<wx w="600" />
			<wx w="600" />
			<wx w="600" />
			<wx w="600" />
			<wx w="600" />
			<wx w="600" />
			<wx w="600" />
			<wx w="600" />
			<wx w="600" />
			<wx w="600" />
			<wx w="600" />
			<wx w="600" />
			<wx w="600" />
			<wx w="600" />
			<wx w="600" />
			<wx w="600" />
			<wx w="600" />
			<wx w="600" />
			<wx w="600" />
			<wx w="600" />
			<wx w="600" />
			<wx w="600" />
			<wx w="600" />
			<wx w="600" />
			<wx w="600" />
			<wx w="600" />
			<wx w="600" />
			<wx w="600" />
			<wx w="600" />
			<wx w="600" />
			<wx w="600" />
			<wx w="600" />
			<wx w="600" />
			<wx w="600" />
			<wx w="600" />
			<wx w="600" />
			<wx w="600" />
			<wx w="600" />
			<wx w="600" />
			<wx w="600" />
			<wx w="600" />
			<wx w="600" />
			<wx w="600" />
			<wx w="600" />
			<wx w="600" />
			<wx w="600" />
			<wx w="600" />
			<wx w="600" />
			<wx w="600" />
			<wx w="600" />
			<wx w="600" />
			<wx w="600" />
			<wx w="600" />
			<wx w="600" />
			<wx w="600" />
			<wx w="600" />
			<wx w="600" />
			<wx w="600" />
			<wx w="600" />
			<wx w="600" />
			<wx w="600" />
			<wx w="600" />
			<wx w="600" />
			<wx w="600" />
			<wx w="600" />
			<wx w="600" />
			<wx w="600" />
			<wx w="600" />
			<wx w="600" />
			<wx w="600" />
			<wx w="600" />
			<wx w="600" />
			<wx w="600" />
			<wx w="600" />
			<wx w="600" />
			<wx w="600" />
			<wx w="600" />
			<wx w="600" />
			<wx w="600" />
			<wx w="600" />
			<wx w="600" />
			<wx w="600" />
			<wx w="600" />
			<wx w="600" />
			<wx w="600" />
			<wx w="600" />
			<wx w="600" />
			<wx w="600" />
			<wx w="600" />
			<wx w="600" />
			<wx w="600" />
			<wx w="600" />
			<wx w="600" />
			<wx w="600" />
			<wx w="600" />
			<wx w="600" />
			<wx w="600" />
			<wx w="600" />
			<wx w="600" />
			<wx w="600" />
			<wx w="600" />
			<wx w="600" />
			<wx w="600" />
			<wx w="600" />
			<wx w="600" />
			<wx w="600" />
			<wx w="600" />
			<wx w="600" />
			<wx w="600" />
			<wx w="600" />
			<wx w="600" />
			<wx w="600" />
			<wx w="600" />
			<wx w="600" />
			<wx w="600" />
			<wx w="600" />
			<wx w="600" />
			<wx w="600" />
			<wx w="600" />
			<wx w="600" />
			<wx w="600" />
			<wx w="600" />
			<wx w="600" />
			<wx w="600" />
			<wx w="600" />
			<wx w="600" />
			<wx w="600" />
			<wx w="600" />
			<wx w="600" />
			<wx w="600" />
			<wx w="600" />
			<wx w="600" />
			<wx w="600" />
			<wx w="600" />
			<wx w="600" />
			<wx w="600" />
			<wx w="600" />
			<wx w="600" />
			<wx w="600" />
			<wx w="600" />
			<wx w="600" />
			<wx w="600" />
			<wx w="600" />
			<wx w="600" />
			<wx w="600" />
			<wx w="600" />
			<wx w="600" />
			<wx w="600" />
			<wx w="600" />
			<wx w="600" />
			<wx w="600" />
			<wx w="600" />
			<wx w="600" />
			<wx w="600" />
			<wx w="600" />
			<wx w="600" />
			<wx w="600" />
			<wx w="600" />
			<wx w="600" />
			<wx w="600" />
			<wx w="600" />
			<wx w="600" />
			<wx w="600" />
			<wx w="600" />
			<wx w="600" />
			<wx w="600" />
			<wx w="600" />
			<wx w="600" />
			<wx w="600" />
			<wx w="600" />
			<wx w="600" />
			<wx w="600" />
			<wx w="600" />
			<wx w="600" />
			<wx w="600" />
			<wx w="600" />
			<wx w="600" />
			<wx w="600" />
			<wx w="600" />
			<wx w="600" />
			<wx w="600" />
			<wx w="600" />
			<wx w="600" />
			<wx w="600" />
			<wx w="600" />
			<wx w="600" />
			<wx w="600" />
			<wx w="600" />
			<wx w="600" />
			<wx w="600" />
			<wx w="600" />
			<wx w="600" />
			<wx w="600" />
			<wx w="600" />
			<wx w="600" />
			<wx w="600" />
			<wx w="600" />
			<wx w="600" />
			<wx w="600" />
			<wx w="600" />
			<wx w="600" />
			<wx w="600" />
			<wx w="600" />
			<wx w="600" />
			<wx w="600" />
			<wx w="600" />
			<wx w="600" />
			<wx w="600" />
			<wx w="600" />
			<wx w="600" />
			<wx w="600" />
			<wx w="600" />
			<wx w="600" />
			<wx w="600" />
			<wx w="600" />
			<wx w="600" />
			<wx w="600" />
			<wx w="600" />
			<wx w="600" />
			<wx w="600" />
			<wx w="600" />
			<wx w="600" />
			<wx w="600" />
			<wx w="600" />
			<wx w="600" />
			<wx w="600" />
			<wx w="600" />
			<wx w="600" />
			<wx w="600" />
			<wx w="600" />
			<wx w="600" />
			<wx w="600" />
			<wx w="600" />
			<wx w="600" />
			<wx w="600" />
			<wx w="600" />
			<wx w="600" />
			<wx w="600" />
			<wx w="600" />
			<wx w="600" />
			<wx w="600" />
			<wx w="600" />
			<wx w="600" />
			<wx w="600" />
			<wx w="600" />
			<wx w="600" />
			<wx w="600" />
			<wx w="600" />
			<wx w="600" />
			<wx w="600" />
			<wx w="600" />
			<wx w="600" />
			<wx w="600" />
			<wx w="600" />
			<wx w="600" />
			<wx w="600" />
			<wx w="600" />
			<wx w="600" />
			<wx w="600" />
			<wx w="600" />
			<wx w="600" />
			<wx w="600" />
			<wx w="600" />
			<wx w="600" />
			<wx w="600" />
			<wx w="600" />
			<wx w="600" />
			<wx w="600" />
			<wx w="600" />
			<wx w="600" />
			<wx w="600" />
			<wx w="600" />
			<wx w="600" />
			<wx w="600" />
			<wx w="600" />
			<wx w="600" />
			<wx w="600" />
			<wx w="600" />
			<wx w="600" />
			<wx w="600" />
			<wx w="600" />
			<wx w="600" />
			<wx w="600" />
			<wx w="600" />
			<wx w="600" />
			<wx w="600" />
			<wx w="600" />
			<wx w="600" />
			<wx w="600" />
			<wx w="600" />
			<wx w="600" />
			<wx w="600" />
			<wx w="600" />
			<wx w="600" />
			<wx w="600" />
			<wx w="600" />
			<wx w="600" />
			<wx w="600" />
			<wx w="600" />
			<wx w="600" />
			<wx w="600" />
			<wx w="600" />
			<wx w="600" />
			<wx w="600" />
			<wx w="600" />
			<wx w="600" />
			<wx w="600" />
			<wx w="600" />
			<wx w="600" />
			<wx w="600" />
			<wx w="600" />
			<wx w="600" />
			<wx w="600" />
			<wx w="600" />
			<wx w="600" />
			<wx w="600" />
			<wx w="600" />
			<wx w="600" />
			<wx w="600" />
			<wx w="600" />
			<wx w="600" />
			<wx w="600" />
			<wx w="600" />
			<wx w="600" />
			<wx w="600" />
			<wx w="600" />
			<wx w="600" />
			<wx w="600" />
			<wx w="600" />
			<wx w="600" />
			<wx w="600" />
			<wx w="600" />
			<wx w="600" />
			<wx w="600" />
			<wx w="600" />
			<wx w="600" />
			<wx w="600" />
			<wx w="600" />
			<wx w="600" />
			<wx w="600" />
			<wx w="600" />
			<wx w="600" />
			<wx w="600" />
			<wx w="600" />
			<wx w="600" />
			<wx w="600" />
			<wx w="600" />
			<wx w="600" />
			<wx w="600" />
			<wx w="600" />
			<wx w="600" />
			<wx w="600" />
			<wx w="600" />
			<wx w="600" />
			<wx w="600" />
			<wx w="600" />
			<wx w="600" />
			<wx w="600" />
			<wx w="600" />
			<wx w="600" />
			<wx w="600" />
			<wx w="600" />
			<wx w="600" />
			<wx w="600" />
			<wx w="600" />
			<wx w="600" />
			<wx w="600" />
			<wx w="600" />
			<wx w="600" />
			<wx w="600" />
			<wx w="600" />
			<wx w="600" />
			<wx w="600" />
			<wx w="600" />
			<wx w="600" />
			<wx w="600" />
			<wx w="600" />
			<wx w="600" />
			<wx w="600" />
			<wx w="600" />
			<wx w="600" />
			<wx w="600" />
			<wx w="600" />
			<wx w="600" />
			<wx w="600" />
			<wx w="600" />
			<wx w="600" />
			<wx w="600" />
			<wx w="600" />
			<wx w="600" />
			<wx w="600" />
			<wx w="600" />
			<wx w="600" />
			<wx w="600" />
			<wx w="600" />
			<wx w="600" />
			<wx w="600" />
			<wx w="600" />
			<wx w="600" />
			<wx w="600" />
			<wx w="600" />
			<wx w="600" />
			<wx w="600" />
			<wx w="600" />
			<wx w="600" />
			<wx w="600" />
			<wx w="600" />
			<wx w="600" />
			<wx w="600" />
			<wx w="600" />
			<wx w="600" />
			<wx w="600" />
			<wx w="600" />
			<wx w="600" />
			<wx w="600" />
			<wx w="600" />
			<wx w="600" />
			<wx w="600" />
			<wx w="600" />
			<wx w="600" />
			<wx w="600" />
			<wx w="600" />
			<wx w="600" />
			<wx w="600" />
			<wx w="600" />
			<wx w="600" />
			<wx w="600" />
			<wx w="600" />
			<wx w="600" />
			<wx w="600" />
			<wx w="600" />
			<wx w="600" />
			<wx w="600" />
			<wx w="600" />
			<wx w="600" />
			<wx w="600" />
			<wx w="600" />
			<wx w="600" />
			<wx w="600" />
			<wx w="600" />
			<wx w="600" />
			<wx w="600" />
			<wx w="600" />
			<wx w="600" />
			<wx w="600" />
			<wx w="600" />
			<wx w="600" />
			<wx w="600" />
			<wx w="600" />
			<wx w="600" />
			<wx w="600" />
			<wx w="600" />
			<wx w="600" />
			<wx w="600" />
			<wx w="600" />
			<wx w="600" />
			<wx w="600" />
			<wx w="600" />
			<wx w="600" />
			<wx w="600" />
			<wx w="600" />
			<wx w="600" />
			<wx w="600" />
			<wx w="600" />
			<wx w="600" />
			<wx w="600" />
			<wx w="600" />
			<wx w="600" />
			<wx w="600" />
			<wx w="600" />
			<wx w="600" />
			<wx w="600" />
			<wx w="600" />
			<wx w="600" />
			<wx w="600" />
			<wx w="600" />
			<wx w="600" />
			<wx w="600" />
			<wx w="600" />
			<wx w="600" />
			<wx w="600" />
			<wx w="600" />
			<wx w="600" />
			<wx w="600" />
			<wx w="600" />
			<wx w="600" />
			<wx w="600" />
			<wx w="600" />
			<wx w="600" />
			<wx w="600" />
			<wx w="600" />
			<wx w="600" />
			<wx w="600" />
			<wx w="600" />
			<wx w="600" />
			<wx w="600" />
			<wx w="600" />
			<wx w="600" />
			<wx w="600" />
			<wx w="600" />
			<wx w="600" />
			<wx w="600" />
			<wx w="600" />
			<wx w="600" />
			<wx w="600" />
			<wx w="600" />
			<wx w="600" />
			<wx w="600" />
			<wx w="600" />
			<wx w="600" />
			<wx w="600" />
			<wx w="600" />
			<wx w="600" />
			<wx w="600" />
			<wx w="600" />
			<wx w="600" />
			<wx w="600" />
			<wx w="600" />
			<wx w="600" />
			<wx w="600" />
			<wx w="600" />
			<wx w="600" />
			<wx w="600" />
			<wx w="600" />
			<wx w="600" />
			<wx w="600" />
			<wx w="600" />
			<wx w="600" />
			<wx w="600" />
			<wx w="600" />
			<wx w="600" />
			<wx w="600" />
			<wx w="600" />
			<wx w="600" />
			<wx w="600" />
			<wx w="600" />
			<wx w="600" />
			<wx w="600" />
			<wx w="600" />
			<wx w="600" />
			<wx w="600" />
			<wx w="600" />
			<wx w="600" />
			<wx w="600" />
			<wx w="600" />
			<wx w="600" />
			<wx w="600" />
			<wx w="600" />
			<wx w="600" />
			<wx w="600" />
			<wx w="600" />
			<wx w="600" />
			<wx w="600" />
			<wx w="600" />
			<wx w="600" />
			<wx w="600" />
			<wx w="600" />
			<wx w="600" />
			<wx w="600" />
			<wx w="600" />
			<wx w="600" />
			<wx w="600" />
			<wx w="600" />
			<wx w="600" />
			<wx w="600" />
			<wx w="600" />
			<wx w="600" />
			<wx w="600" />
			<wx w="600" />
			<wx w="600" />
			<wx w="600" />
			<wx w="600" />
			<wx w="600" />
			<wx w="600" />
			<wx w="600" />
			<wx w="600" />
			<wx w="600" />
			<wx w="600" />
			<wx w="600" />
			<wx w="600" />
			<wx w="600" />
			<wx w="600" />
			<wx w="600" />
			<wx w="600" />
			<wx w="600" />
			<wx w="600" />
			<wx w="600" />
			<wx w="600" />
			<wx w="600" />
			<wx w="600" />
			<wx w="600" />
			<wx w="600" />
			<wx w="600" />
			<wx w="600" />
			<wx w="600" />
			<wx w="600" />
			<wx w="600" />
			<wx w="600" />
			<wx w="600" />
			<wx w="600" />
			<wx w="600" />
			<wx w="600" />
			<wx w="600" />
			<wx w="600" />
			<wx w="600" />
			<wx w="600" />
			<wx w="600" />
			<wx w="600" />
			<wx w="600" />
			<wx w="600" />
			<wx w="600" />
			<wx w="600" />
			<wx w="600" />
			<wx w="600" />
			<wx w="600" />
			<wx w="600" />
			<wx w="600" />
			<wx w="600" />
			<wx w="600" />
			<wx w="600" />
			<wx w="600" />
			<wx w="600" />
			<wx w="600" />
			<wx w="600" />
			<wx w="600" />
			<wx w="600" />
			<wx w="600" />
			<wx w="600" />
			<wx w="600" />
			<wx w="600" />
			<wx w="600" />
			<wx w="600" />
			<wx w="600" />
			<wx w="600" />
			<wx w="600" />
			<wx w="600" />
			<wx w="600" />
			<wx w="600" />
			<wx w="600" />
			<wx w="600" />
			<wx w="600" />
			<wx w="600" />
			<wx w="600" />
			<wx w="600" />
			<wx w="600" />
			<wx w="600" />
			<wx w="600" />
			<wx w="600" />
			<wx w="600" />
			<wx w="600" />
			<wx w="600" />
			<wx w="600" />
			<wx w="600" />
			<wx w="600" />
			<wx w="600" />
			<wx w="600" />
			<wx w="600" />
			<wx w="600" />
			<wx w="600" />
			<wx w="600" />
			<wx w="600" />
			<wx w="600" />
			<wx w="600" />
			<wx w="600" />
			<wx w="600" />
			<wx w="600" />
			<wx w="600" />
			<wx w="600" />
			<wx w="600" />
			<wx w="600" />
			<wx w="600" />
			<wx w="600" />
			<wx w="600" />
			<wx w="600" />
			<wx w="600" />
			<wx w="600" />
			<wx w="600" />
			<wx w="600" />
			<wx w="600" />
			<wx w="600" />
			<wx w="600" />
			<wx w="600" />
			<wx w="600" />
			<wx w="600" />
			<wx w="600" />
			<wx w="600" />
			<wx w="600" />
			<wx w="600" />
			<wx w="600" />
			<wx w="600" />
			<wx w="600" />
			<wx w="600" />
			<wx w="600" />
			<wx w="600" />
			<wx w="600" />
			<wx w="600" />
			<wx w="600" />
			<wx w="600" />
			<wx w="600" />
			<wx w="600" />
			<wx w="600" />
			<wx w="600" />
			<wx w="600" />
			<wx w="600" />
			<wx w="600" />
			<wx w="600" />
			<wx w="600" />
			<wx w="600" />
			<wx w="600" />
			<wx w="600" />
			<wx w="600" />
			<wx w="600" />
			<wx w="600" />
			<wx w="600" />
			<wx w="600" />
			<wx w="600" />
			<wx w="600" />
			<wx w="600" />
			<wx w="600" />
			<wx w="600" />
			<wx w="600" />
			<wx w="600" />
			<wx w="600" />
			<wx w="600" />
			<wx w="600" />
			<wx w="600" />
			<wx w="600" />
			<wx w="600" />
			<wx w="600" />
			<wx w="600" />
			<wx w="600" />
			<wx w="600" />
			<wx w="600" />
			<wx w="600" />
			<wx w="600" />
			<wx w="600" />
			<wx w="600" />
			<wx w="600" />
			<wx w="600" />
			<wx w="600" />
			<wx w="600" />
			<wx w="600" />
			<wx w="600" />
			<wx w="600" />
			<wx w="600" />
			<wx w="600" />
			<wx w="600" />
			<wx w="600" />
			<wx w="600" />
			<wx w="600" />
			<wx w="600" />
			<wx w="600" />
			<wx w="600" />
			<wx w="600" />
			<wx w="600" />
			<wx w="600" />
			<wx w="600" />
			<wx w="600" />
			<wx w="600" />
			<wx w="600" />
			<wx w="600" />
			<wx w="600" />
			<wx w="600" />
			<wx w="600" />
			<wx w="600" />
			<wx w="600" />
			<wx w="600" />
			<wx w="600" />
			<wx w="600" />
			<wx w="600" />
			<wx w="600" />
			<wx w="600" />
			<wx w="600" />
			<wx w="600" />
			<wx w="600" />
			<wx w="600" />
			<wx w="600" />
			<wx w="600" />
			<wx w="600" />
			<wx w="600" />
			<wx w="600" />
			<wx w="600" />
			<wx w="600" />
			<wx w="600" />
			<wx w="600" />
			<wx w="600" />
			<wx w="600" />
			<wx w="600" />
			<wx w="600" />
			<wx w="600" />
			<wx w="600" />
			<wx w="600" />
			<wx w="600" />
			<wx w="600" />
			<wx w="600" />
			<wx w="600" />
			<wx w="600" />
			<wx w="600" />
			<wx w="600" />
			<wx w="600" />
			<wx w="600" />
			<wx w="600" />
			<wx w="600" />
			<wx w="600" />
			<wx w="600" />
			<wx w="600" />
			<wx w="600" />
			<wx w="600" />
			<wx w="600" />
			<wx w="600" />
			<wx w="600" />
			<wx w="600" />
			<wx w="600" />
			<wx w="600" />
			<wx w="600" />
			<wx w="600" />
			<wx w="600" />
			<wx w="600" />
			<wx w="600" />
			<wx w="600" />
			<wx w="600" />
			<wx w="600" />
			<wx w="600" />
			<wx w="600" />
			<wx w="600" />
			<wx w="600" />
			<wx w="600" />
			<wx w="600" />
			<wx w="600" />
			<wx w="600" />
			<wx w="600" />
			<wx w="600" />
			<wx w="600" />
			<wx w="600" />
			<wx w="600" />
			<wx w="600" />
			<wx w="600" />
			<wx w="600" />
			<wx w="600" />
			<wx w="600" />
			<wx w="600" />
			<wx w="600" />
			<wx w="600" />
			<wx w="600" />
			<wx w="600" />
			<wx w="600" />
			<wx w="600" />
			<wx w="600" />
			<wx w="600" />
			<wx w="600" />
			<wx w="600" />
			<wx w="600" />
			<wx w="600" />
			<wx w="600" />
			<wx w="600" />
			<wx w="600" />
			<wx w="600" />
			<wx w="600" />
			<wx w="600" />
			<wx w="600" />
			<wx w="600" />
			<wx w="600" />
			<wx w="600" />
			<wx w="600" />
			<wx w="600" />
			<wx w="600" />
			<wx w="600" />
			<wx w="600" />
			<wx w="600" />
			<wx w="600" />
			<wx w="600" />
			<wx w="600" />
			<wx w="600" />
			<wx w="600" />
			<wx w="600" />
			<wx w="600" />
			<wx w="600" />
			<wx w="600" />
			<wx w="600" />
			<wx w="600" />
			<wx w="600" />
			<wx w="600" />
			<wx w="600" />
			<wx w="600" />
			<wx w="600" />
			<wx w="600" />
			<wx w="600" />
			<wx w="600" />
			<wx w="600" />
			<wx w="600" />
			<wx w="600" />
			<wx w="600" />
			<wx w="600" />
			<wx w="600" />
			<wx w="600" />
			<wx w="600" />
			<wx w="600" />
			<wx w="600" />
			<wx w="600" />
			<wx w="600" />
			<wx w="600" />
			<wx w="600" />
			<wx w="600" />
			<wx w="600" />
			<wx w="600" />
			<wx w="600" />
			<wx w="600" />
			<wx w="600" />
			<wx w="600" />
			<wx w="600" />
			<wx w="600" />
			<wx w="600" />
			<wx w="600" />
			<wx w="600" />
			<wx w="600" />
			<wx w="600" />
			<wx w="600" />
			<wx w="600" />
			<wx w="600" />
			<wx w="600" />
			<wx w="600" />
			<wx w="600" />
			<wx w="600" />
			<wx w="600" />
			<wx w="600" />
			<wx w="600" />
			<wx w="600" />
			<wx w="600" />
			<wx w="600" />
			<wx w="600" />
			<wx w="600" />
			<wx w="600" />
			<wx w="600" />
			<wx w="600" />
			<wx w="600" />
			<wx w="600" />
			<wx w="600" />
			<wx w="600" />
			<wx w="600" />
			<wx w="600" />
			<wx w="600" />
			<wx w="600" />
			<wx w="600" />
			<wx w="600" />
			<wx w="600" />
			<wx w="600" />
			<wx w="600" />
			<wx w="600" />
			<wx w="600" />
			<wx w="600" />
			<wx w="600" />
			<wx w="600" />
			<wx w="600" />
			<wx w="600" />
			<wx w="600" />
			<wx w="600" />
			<wx w="600" />
			<wx w="600" />
			<wx w="600" />
			<wx w="600" />
			<wx w="600" />
			<wx w="600" />
			<wx w="600" />
			<wx w="600" />
			<wx w="600" />
			<wx w="600" />
			<wx w="600" />
			<wx w="600" />
			<wx w="600" />
			<wx w="600" />
			<wx w="600" />
			<wx w="600" />
			<wx w="600" />
			<wx w="600" />
			<wx w="600" />
			<wx w="600" />
			<wx w="600" />
			<wx w="600" />
			<wx w="600" />
			<wx w="600" />
			<wx w="600" />
			<wx w="600" />
			<wx w="600" />
			<wx w="600" />
			<wx w="600" />
			<wx w="600" />
			<wx w="600" />
			<wx w="600" />
			<wx w="600" />
			<wx w="600" />
			<wx w="600" />
			<wx w="600" />
			<wx w="600" />
			<wx w="600" />
			<wx w="600" />
			<wx w="600" />
			<wx w="600" />
			<wx w="600" />
			<wx w="600" />
			<wx w="600" />
			<wx w="600" />
			<wx w="600" />
			<wx w="600" />
			<wx w="600" />
			<wx w="600" />
			<wx w="600" />
			<wx w="600" />
			<wx w="600" />
			<wx w="600" />
			<wx w="600" />
			<wx w="600" />
			<wx w="600" />
			<wx w="600" />
			<wx w="600" />
			<wx w="600" />
			<wx w="600" />
			<wx w="600" />
			<wx w="600" />
			<wx w="600" />
			<wx w="600" />
			<wx w="600" />
			<wx w="600" />
			<wx w="600" />
			<wx w="600" />
			<wx w="600" />
			<wx w="600" />
			<wx w="600" />
			<wx w="600" />
			<wx w="600" />
			<wx w="600" />
			<wx w="600" />
			<wx w="600" />
			<wx w="600" />
			<wx w="600" />
			<wx w="600" />
			<wx w="600" />
			<wx w="600" />
			<wx w="600" />
			<wx w="600" />
			<wx w="600" />
			<wx w="600" />
			<wx w="600" />
			<wx w="600" />
			<wx w="600" />
			<wx w="600" />
			<wx w="600" />
			<wx w="600" />
			<wx w="600" />
			<wx w="600" />
			<wx w="600" />
			<wx w="600" />
			<wx w="600" />
			<wx w="600" />
			<wx w="600" />
			<wx w="600" />
			<wx w="600" />
			<wx w="600" />
			<wx w="600" />
			<wx w="600" />
			<wx w="600" />
			<wx w="600" />
			<wx w="600" />
			<wx w="600" />
			<wx w="600" />
			<wx w="600" />
			<wx w="600" />
			<wx w="600" />
			<wx w="600" />
			<wx w="600" />
			<wx w="600" />
			<wx w="600" />
			<wx w="600" />
			<wx w="600" />
			<wx w="600" />
			<wx w="600" />
			<wx w="600" />
			<wx w="600" />
			<wx w="600" />
			<wx w="600" />
			<wx w="600" />
			<wx w="600" />
			<wx w="600" />
			<wx w="600" />
			<wx w="600" />
			<wx w="600" />
			<wx w="600" />
			<wx w="600" />
			<wx w="600" />
			<wx w="600" />
			<wx w="600" />
			<wx w="600" />
			<wx w="600" />
			<wx w="600" />
			<wx w="600" />
			<wx w="600" />
			<wx w="600" />
			<wx w="600" />
			<wx w="600" />
			<wx w="600" />
			<wx w="600" />
			<wx w="600" />
			<wx w="600" />
			<wx w="600" />
			<wx w="600" />
			<wx w="600" />
			<wx w="600" />
			<wx w="600" />
			<wx w="600" />
			<wx w="600" />
			<wx w="600" />
			<wx w="600" />
			<wx w="600" />
			<wx w="600" />
			<wx w="600" />
			<wx w="600" />
			<wx w="600" />
			<wx w="600" />
			<wx w="600" />
			<wx w="600" />
			<wx w="600" />
			<wx w="600" />
			<wx w="600" />
			<wx w="600" />
			<wx w="600" />
			<wx w="600" />
			<wx w="600" />
			<wx w="600" />
			<wx w="600" />
			<wx w="600" />
			<wx w="600" />
			<wx w="600" />
			<wx w="600" />
			<wx w="600" />
			<wx w="600" />
			<wx w="600" />
			<wx w="600" />
			<wx w="600" />
			<wx w="600" />
			<wx w="600" />
			<wx w="600" />
			<wx w="600" />
			<wx w="600" />
			<wx w="600" />
			<wx w="600" />
			<wx w="600" />
			<wx w="600" />
			<wx w="600" />
			<wx w="600" />
			<wx w="600" />
			<wx w="600" />
			<wx w="600" />
			<wx w="600" />
			<wx w="600" />
			<wx w="600" />
			<wx w="600" />
			<wx w="600" />
			<wx w="600" />
			<wx w="600" />
			<wx w="600" />
			<wx w="600" />
			<wx w="600" />
			<wx w="600" />
			<wx w="600" />
			<wx w="600" />
			<wx w="600" />
			<wx w="600" />
			<wx w="600" />
			<wx w="600" />
			<wx w="600" />
			<wx w="600" />
			<wx w="600" />
			<wx w="600" />
			<wx w="600" />
			<wx w="600" />
			<wx w="600" />
			<wx w="600" />
			<wx w="600" />
			<wx w="600" />
			<wx w="600" />
			<wx w="600" />
			<wx w="600" />
			<wx w="600" />
			<wx w="600" />
			<wx w="600" />
			<wx w="600" />
			<wx w="600" />
			<wx w="600" />
			<wx w="600" />
			<wx w="600" />
			<wx w="600" />
			<wx w="600" />
			<wx w="600" />
			<wx w="600" />
			<wx w="600" />
			<wx w="600" />
			<wx w="600" />
			<wx w="600" />
			<wx w="600" />
			<wx w="600" />
			<wx w="600" />
			<wx w="600" />
			<wx w="600" />
			<wx w="600" />
			<wx w="600" />
			<wx w="600" />
			<wx w="600" />
			<wx w="600" />
			<wx w="600" />
			<wx w="600" />
			<wx w="600" />
			<wx w="600" />
			<wx w="600" />
			<wx w="600" />
			<wx w="600" />
			<wx w="600" />
			<wx w="600" />
			<wx w="600" />
			<wx w="600" />
			<wx w="600" />
			<wx w="600" />
			<wx w="600" />
			<wx w="600" />
			<wx w="600" />
			<wx w="600" />
			<wx w="600" />
			<wx w="600" />
			<wx w="600" />
			<wx w="600" />
			<wx w="600" />
			<wx w="600" />
			<wx w="600" />
			<wx w="600" />
			<wx w="600" />
			<wx w="600" />
			<wx w="600" />
			<wx w="600" />
			<wx w="600" />
			<wx w="600" />
			<wx w="600" />
			<wx w="600" />
			<wx w="600" />
			<wx w="600" />
			<wx w="600" />
			<wx w="600" />
			<wx w="600" />
			<wx w="600" />
			<wx w="600" />
			<wx w="600" />
			<wx w="600" />
			<wx w="600" />
			<wx w="600" />
			<wx w="600" />
			<wx w="600" />
			<wx w="600" />
			<wx w="600" />
			<wx w="600" />
			<wx w="600" />
			<wx w="600" />
			<wx w="600" />
			<wx w="600" />
			<wx w="600" />
			<wx w="600" />
			<wx w="600" />
			<wx w="600" />
			<wx w="600" />
			<wx w="600" />
			<wx w="600" />
			<wx w="600" />
			<wx w="600" />
			<wx w="600" />
			<wx w="600" />
			<wx w="600" />
			<wx w="600" />
			<wx w="600" />
			<wx w="600" />
			<wx w="600" />
			<wx w="600" />
			<wx w="600" />
			<wx w="600" />
			<wx w="600" />
			<wx w="600" />
			<wx w="600" />
			<wx w="600" />
			<wx w="600" />
			<wx w="600" />
			<wx w="600" />
			<wx w="600" />
			<wx w="600" />
			<wx w="600" />
			<wx w="600" />
			<wx w="600" />
			<wx w="600" />
			<wx w="600" />
			<wx w="600" />
			<wx w="600" />
			<wx w="600" />
			<wx w="600" />
			<wx w="600" />
			<wx w="600" />
			<wx w="600" />
			<wx w="600" />
			<wx w="600" />
			<wx w="600" />
			<wx w="600" />
			<wx w="600" />
			<wx w="600" />
			<wx w="600" />
			<wx w="600" />
			<wx w="600" />
			<wx w="600" />
			<wx w="600" />
			<wx w="600" />
			<wx w="600" />
			<wx w="600" />
			<wx w="600" />
			<wx w="600" />
			<wx w="600" />
			<wx w="600" />
			<wx w="600" />
			<wx w="600" />
			<wx w="600" />
			<wx w="600" />
			<wx w="600" />
			<wx w="600" />
			<wx w="600" />
			<wx w="600" />
			<wx w="600" />
			<wx w="600" />
			<wx w="600" />
			<wx w="600" />
			<wx w="600" />
			<wx w="600" />
			<wx w="600" />
			<wx w="600" />
			<wx w="600" />
			<wx w="600" />
			<wx w="600" />
			<wx w="600" />
			<wx w="600" />
			<wx w="600" />
			<wx w="600" />
			<wx w="600" />
			<wx w="600" />
			<wx w="600" />
			<wx w="600" />
			<wx w="600" />
			<wx w="600" />
			<wx w="600" />
			<wx w="600" />
			<wx w="600" />
			<wx w="600" />
			<wx w="600" />
			<wx w="600" />
			<wx w="600" />
			<wx w="600" />
			<wx w="600" />
			<wx w="600" />
			<wx w="600" />
			<wx w="600" />
			<wx w="600" />
			<wx w="600" />
			<wx w="600" />
			<wx w="600" />
			<wx w="600" />
			<wx w="600" />
			<wx w="600" />
			<wx w="600" />
			<wx w="600" />
			<wx w="600" />
			<wx w="600" />
			<wx w="600" />
			<wx w="600" />
			<wx w="600" />
			<wx w="600" />
			<wx w="600" />
			<wx w="600" />
			<wx w="600" />
			<wx w="600" />
			<wx w="600" />
			<wx w="600" />
			<wx w="600" />
			<wx w="600" />
			<wx w="600" />
			<wx w="600" />
			<wx w="600" />
			<wx w="600" />
			<wx w="600" />
			<wx w="600" />
			<wx w="600" />
			<wx w="600" />
			<wx w="600" />
			<wx w="600" />
			<wx w="600" />
			<wx w="600" />
			<wx w="600" />
			<wx w="600" />
			<wx w="600" />
			<wx w="600" />
			<wx w="600" />
			<wx w="600" />
			<wx w="600" />
			<wx w="600" />
			<wx w="600" />
			<wx w="600" />
			<wx w="600" />
			<wx w="600" />
			<wx w="600" />
			<wx w="600" />
			<wx w="600" />
			<wx w="600" />
			<wx w="600" />
			<wx w="600" />
			<wx w="600" />
			<wx w="600" />
			<wx w="600" />
			<wx w="600" />
			<wx w="600" />
			<wx w="600" />
			<wx w="600" />
			<wx w="600" />
			<wx w="600" />
			<wx w="600" />
			<wx w="600" />
			<wx w="600" />
			<wx w="600" />
			<wx w="600" />
			<wx w="600" />
			<wx w="600" />
			<wx w="600" />
			<wx w="600" />
			<wx w="600" />
			<wx w="600" />
			<wx w="600" />
			<wx w="600" />
			<wx w="600" />
			<wx w="600" />
			<wx w="600" />
			<wx w="600" />
			<wx w="600" />
			<wx w="600" />
			<wx w="600" />
			<wx w="600" />
			<wx w="600" />
			<wx w="600" />
			<wx w="600" />
			<wx w="600" />
			<wx w="600" />
			<wx w="600" />
			<wx w="600" />
			<wx w="600" />
			<wx w="600" />
			<wx w="600" />
			<wx w="600" />
			<wx w="600" />
			<wx w="600" />
			<wx w="600" />
			<wx w="600" />
			<wx w="600" />
			<wx w="600" />
			<wx w="600" />
			<wx w="600" />
			<wx w="600" />
			<wx w="600" />
			<wx w="600" />
			<wx w="600" />
			<wx w="600" />
			<wx w="600" />
			<wx w="600" />
			<wx w="600" />
			<wx w="600" />
			<wx w="600" />
			<wx w="600" />
			<wx w="600" />
			<wx w="600" />
			<wx w="600" />
			<wx w="600" />
			<wx w="600" />
			<wx w="600" />
			<wx w="600" />
			<wx w="600" />
			<wx w="600" />
			<wx w="600" />
			<wx w="600" />
			<wx w="600" />
			<wx w="600" />
			<wx w="600" />
			<wx w="600" />
			<wx w="600" />
			<wx w="600" />
			<wx w="600" />
			<wx w="600" />
			<wx w="600" />
			<wx w="600" />
			<wx w="600" />
			<wx w="600" />
			<wx w="600" />
			<wx w="600" />
			<wx w="600" />
			<wx w="600" />
			<wx w="600" />
			<wx w="600" />
			<wx w="600" />
			<wx w="600" />
			<wx w="600" />
			<wx w="600" />
			<wx w="600" />
			<wx w="600" />
			<wx w="600" />
			<wx w="600" />
			<wx w="600" />
			<wx w="600" />
			<wx w="600" />
			<wx w="600" />
			<wx w="600" />
			<wx w="600" />
			<wx w="600" />
			<wx w="600" />
			<wx w="600" />
			<wx w="600" />
			<wx w="600" />
			<wx w="600" />
			<wx w="600" />
			<wx w="600" />
			<wx w="600" />
			<wx w="600" />
			<wx w="600" />
			<wx w="600" />
			<wx w="600" />
			<wx w="600" />
			<wx w="600" />
			<wx w="600" />
			<wx w="600" />
			<wx w="600" />
			<wx w="600" />
			<wx w="600" />
			<wx w="600" />
			<wx w="600" />
			<wx w="600" />
			<wx w="600" />
			<wx w="600" />
			<wx w="600" />
			<wx w="600" />
			<wx w="600" />
			<wx w="600" />
			<wx w="600" />
			<wx w="600" />
			<wx w="600" />
			<wx w="600" />
			<wx w="600" />
			<wx w="600" />
			<wx w="600" />
			<wx w="600" />
			<wx w="600" />
			<wx w="600" />
			<wx w="600" />
			<wx w="600" />
			<wx w="600" />
			<wx w="600" />
			<wx w="600" />
			<wx w="600" />
			<wx w="600" />
			<wx w="600" />
			<wx w="600" />
			<wx w="600" />
			<wx w="600" />
			<wx w="600" />
			<wx w="600" />
			<wx w="600" />
			<wx w="600" />
			<wx w="600" />
			<wx w="600" />
			<wx w="600" />
			<wx w="600" />
			<wx w="600" />
			<wx w="600" />
			<wx w="600" />
			<wx w="600" />
			<wx w="600" />
			<wx w="600" />
			<wx w="600" />
			<wx w="600" />
			<wx w="600" />
			<wx w="600" />
			<wx w="600" />
			<wx w="600" />
			<wx w="600" />
			<wx w="600" />
			<wx w="600" />
			<wx w="600" />
			<wx w="600" />
			<wx w="600" />
			<wx w="600" />
			<wx w="600" />
			<wx w="600" />
			<wx w="600" />
			<wx w="600" />
			<wx w="600" />
			<wx w="600" />
			<wx w="600" />
			<wx w="600" />
			<wx w="600" />
			<wx w="600" />
			<wx w="600" />
			<wx w="600" />
			<wx w="600" />
			<wx w="600" />
			<wx w="600" />
			<wx w="600" />
			<wx w="600" />
			<wx w="600" />
			<wx w="600" />
			<wx w="600" />
			<wx w="600" />
			<wx w="600" />
			<wx w="600" />
			<wx w="600" />
			<wx w="600" />
			<wx w="600" />
			<wx w="600" />
			<wx w="600" />
			<wx w="600" />
			<wx w="600" />
			<wx w="600" />
			<wx w="600" />
			<wx w="600" />
			<wx w="600" />
			<wx w="600" />
			<wx w="600" />
			<wx w="600" />
			<wx w="600" />
			<wx w="600" />
			<wx w="600" />
			<wx w="600" />
			<wx w="600" />
			<wx w="600" />
			<wx w="600" />
			<wx w="600" />
			<wx w="600" />
			<wx w="600" />
			<wx w="600" />
			<wx w="600" />
			<wx w="600" />
			<wx w="600" />
			<wx w="600" />
			<wx w="600" />
			<wx w="600" />
			<wx w="600" />
			<wx w="600" />
			<wx w="600" />
			<wx w="600" />
			<wx w="600" />
			<wx w="600" />
			<wx w="600" />
			<wx w="600" />
			<wx w="600" />
			<wx w="600" />
			<wx w="600" />
			<wx w="600" />
			<wx w="600" />
			<wx w="600" />
			<wx w="600" />
			<wx w="600" />
			<wx w="600" />
			<wx w="600" />
			<wx w="600" />
			<wx w="600" />
			<wx w="600" />
			<wx w="600" />
			<wx w="600" />
			<wx w="600" />
			<wx w="600" />
			<wx w="600" />
			<wx w="600" />
			<wx w="600" />
			<wx w="600" />
			<wx w="600" />
			<wx w="600" />
			<wx w="600" />
			<wx w="600" />
			<wx w="600" />
			<wx w="600" />
			<wx w="600" />
			<wx w="600" />
			<wx w="600" />
			<wx w="600" />
			<wx w="600" />
			<wx w="600" />
		</cid-widths>
	</multibyte-extras>
</font-metrics>