<?xml version="1.0" encoding="UTF-8" standalone="no"?>
<font-metrics metrics-version="2" type="TYPE0">
	<font-name>CourierNew,Italic</font-name>
	<embed />
	<cap-height>667</cap-height>
	<x-height>404</x-height>
	<ascender>763</ascender>
	<descender>237</descender>
	<bbox>
		<left>-179</left>
		<bottom>-250</bottom>
		<right>1051</right>
		<top>894</top>
	</bbox>
	<flags>97</flags>
	<stemv>0</stemv>
	<italicangle>1</italicangle>
	<subtype>TYPE0</subtype>
	<multibyte-extras>
		<cid-type>CIDFontType2</cid-type>
		<default-width>0</default-width>
		<bfranges>
			<bf gi="3" ue="126" us="32" />
			<bf gi="3" ue="160" us="160" />
			<bf gi="163" ue="161" us="161" />
			<bf gi="132" ue="163" us="162" />
			<bf gi="750" ue="164" us="164" />
			<bf gi="150" ue="165" us="165" />
			<bf gi="230" ue="166" us="166" />
			<bf gi="134" ue="167" us="167" />
			<bf gi="142" ue="168" us="168" />
			<bf gi="139" ue="169" us="169" />
			<bf gi="157" ue="170" us="170" />
			<bf gi="169" ue="171" us="171" />
			<bf gi="164" ue="172" us="172" />
			<bf gi="16" ue="173" us="173" />
			<bf gi="138" ue="174" us="174" />
			<bf gi="256" ue="175" us="175" />
			<bf gi="131" ue="176" us="176" />
			<bf gi="147" ue="177" us="177" />
			<bf gi="240" ue="179" us="178" />
			<bf gi="141" ue="180" us="180" />
			<bf gi="151" ue="181" us="181" />
			<bf gi="136" ue="182" us="182" />
			<bf gi="194" ue="183" us="183" />
			<bf gi="220" ue="184" us="184" />
			<bf gi="239" ue="185" us="185" />
			<bf gi="158" ue="186" us="186" />
			<bf gi="170" ue="187" us="187" />
			<bf gi="243" ue="188" us="188" />
			<bf gi="242" ue="189" us="189" />
			<bf gi="244" ue="190" us="190" />
			<bf gi="162" ue="191" us="191" />
			<bf gi="172" ue="192" us="192" />
			<bf gi="200" ue="193" us="193" />
			<bf gi="198" ue="194" us="194" />
			<bf gi="173" ue="195" us="195" />
			<bf gi="98" ue="197" us="196" />
			<bf gi="144" ue="198" us="198" />
			<bf gi="100" ue="199" us="199" />
			<bf gi="202" ue="200" us="200" />
			<bf gi="101" ue="201" us="201" />
			<bf gi="199" ue="202" us="202" />
			<bf gi="201" ue="203" us="203" />
			<bf gi="206" ue="204" us="204" />
			<bf gi="203" ue="207" us="205" />
			<bf gi="231" ue="208" us="208" />
			<bf gi="102" ue="209" us="209" />
			<bf gi="209" ue="210" us="210" />
			<bf gi="207" ue="212" us="211" />
			<bf gi="174" ue="213" us="213" />
			<bf gi="103" ue="214" us="214" />
			<bf gi="238" ue="215" us="215" />
			<bf gi="145" ue="216" us="216" />
			<bf gi="212" ue="217" us="217" />
			<bf gi="210" ue="219" us="218" />
			<bf gi="104" ue="220" us="220" />
			<bf gi="233" ue="221" us="221" />
			<bf gi="235" ue="222" us="222" />
			<bf gi="137" ue="223" us="223" />
			<bf gi="106" ue="224" us="224" />
			<bf gi="105" ue="225" us="225" />
			<bf gi="107" ue="226" us="226" />
			<bf gi="109" ue="227" us="227" />
			<bf gi="108" ue="228" us="228" />
			<bf gi="110" ue="229" us="229" />
			<bf gi="160" ue="230" us="230" />
			<bf gi="111" ue="231" us="231" />
			<bf gi="113" ue="232" us="232" />
			<bf gi="112" ue="233" us="233" />
			<bf gi="114" ue="235" us="234" />
			<bf gi="117" ue="236" us="236" />
			<bf gi="116" ue="237" us="237" />
			<bf gi="118" ue="239" us="238" />
			<bf gi="232" ue="240" us="240" />
			<bf gi="120" ue="241" us="241" />
			<bf gi="122" ue="242" us="242" />
			<bf gi="121" ue="243" us="243" />
			<bf gi="123" ue="244" us="244" />
			<bf gi="125" ue="245" us="245" />
			<bf gi="124" ue="246" us="246" />
			<bf gi="183" ue="247" us="247" />
			<bf gi="161" ue="248" us="248" />
			<bf gi="127" ue="249" us="249" />
			<bf gi="126" ue="250" us="250" />
			<bf gi="128" ue="252" us="251" />
			<bf gi="234" ue="253" us="253" />
			<bf gi="236" ue="254" us="254" />
			<bf gi="185" ue="255" us="255" />
			<bf gi="406" ue="257" us="256" />
			<bf gi="258" ue="261" us="258" />
			<bf gi="251" ue="263" us="262" />
			<bf gi="408" ue="267" us="264" />
			<bf gi="253" ue="269" us="268" />
			<bf gi="262" ue="272" us="270" />
			<bf gi="255" ue="273" us="273" />
			<bf gi="412" ue="279" us="274" />
			<bf gi="265" ue="283" us="280" />
			<bf gi="418" ue="285" us="284" />
			<bf gi="246" ue="287" us="286" />
			<bf gi="420" ue="303" us="288" />
			<bf gi="248" ue="304" us="304" />
			<bf gi="213" ue="305" us="305" />
			<bf gi="394" ue="307" us="306" />
			<bf gi="436" ue="312" us="308" />
			<bf gi="269" ue="314" us="313" />
			<bf gi="441" ue="316" us="315" />
			<bf gi="271" ue="320" us="317" />
			<bf gi="224" ue="322" us="321" />
			<bf gi="275" ue="324" us="323" />
			<bf gi="443" ue="326" us="325" />
			<bf gi="277" ue="328" us="327" />
			<bf gi="396" ue="329" us="329" />
			<bf gi="445" ue="335" us="330" />
			<bf gi="279" ue="337" us="336" />
			<bf gi="175" ue="339" us="338" />
			<bf gi="281" ue="341" us="340" />
			<bf gi="451" ue="343" us="342" />
			<bf gi="283" ue="347" us="344" />
			<bf gi="453" ue="349" us="348" />
			<bf gi="249" ue="351" us="350" />
			<bf gi="226" ue="353" us="352" />
			<bf gi="287" ue="357" us="354" />
			<bf gi="455" ue="365" us="358" />
			<bf gi="291" ue="369" us="366" />
			<bf gi="463" ue="375" us="370" />
			<bf gi="186" ue="376" us="376" />
			<bf gi="295" ue="380" us="377" />
			<bf gi="228" ue="382" us="381" />
			<bf gi="469" ue="383" us="383" />
			<bf gi="959" ue="398" us="384" />
			<bf gi="939" ue="399" us="399" />
			<bf gi="974" ue="401" us="400" />
			<bf gi="166" ue="402" us="402" />
			<bf gi="976" ue="415" us="403" />
			<bf gi="752" ue="417" us="416" />
			<bf gi="989" ue="430" us="418" />
			<bf gi="754" ue="432" us="431" />
			<bf gi="1002" ue="460" us="433" />
			<bf gi="897" ue="476" us="461" />
			<bf gi="1030" ue="479" us="477" />
			<bf gi="1034" ue="505" us="480" />
			<bf gi="470" ue="511" us="506" />
			<bf gi="1060" ue="544" us="512" />
			<bf gi="1960" ue="545" us="545" />
			<bf gi="1093" ue="555" us="546" />
			<bf gi="1104" ue="563" us="556" />
			<bf gi="1961" ue="566" us="564" />
			<bf gi="2122" ue="577" us="568" />
			<bf gi="2280" ue="591" us="578" />
			<bf gi="1112" ue="600" us="592" />
			<bf gi="940" ue="601" us="601" />
			<bf gi="1121" ue="685" us="602" />
			<bf gi="1964" ue="687" us="686" />
			<bf gi="1205" ue="709" us="688" />
			<bf gi="214" ue="710" us="710" />
			<bf gi="223" ue="711" us="711" />
			<bf gi="1227" ue="712" us="712" />
			<bf gi="216" ue="713" us="713" />
			<bf gi="1228" ue="727" us="714" />
			<bf gi="217" ue="730" us="728" />
			<bf gi="222" ue="731" us="731" />
			<bf gi="215" ue="732" us="732" />
			<bf gi="221" ue="733" us="733" />
			<bf gi="1242" ue="740" us="734" />
			<bf gi="1249" ue="750" us="748" />
			<bf gi="1966" ue="767" us="751" />
			<bf gi="792" ue="769" us="768" />
			<bf gi="1252" ue="770" us="770" />
			<bf gi="768" ue="771" us="771" />
			<bf gi="1253" ue="776" us="772" />
			<bf gi="762" ue="777" us="777" />
			<bf gi="1258" ue="802" us="778" />
			<bf gi="795" ue="803" us="803" />
			<bf gi="1283" ue="847" us="804" />
			<bf gi="1983" ue="855" us="848" />
			<bf gi="2132" ue="860" us="856" />
			<bf gi="1991" ue="863" us="861" />
			<bf gi="1327" ue="879" us="864" />
			<bf gi="1343" ue="885" us="884" />
			<bf gi="1345" ue="890" us="890" />
			<bf gi="2294" ue="893" us="891" />
			<bf gi="30" ue="894" us="894" />
			<bf gi="495" ue="902" us="900" />
			<bf gi="476" ue="903" us="903" />
			<bf gi="498" ue="906" us="904" />
			<bf gi="501" ue="908" us="908" />
			<bf gi="502" ue="914" us="910" />
			<bf gi="299" ue="915" us="915" />
			<bf gi="507" ue="919" us="916" />
			<bf gi="300" ue="920" us="920" />
			<bf gi="511" ue="929" us="921" />
			<bf gi="520" ue="933" us="931" />
			<bf gi="301" ue="934" us="934" />
			<bf gi="523" ue="944" us="935" />
			<bf gi="302" ue="945" us="945" />
			<bf gi="533" ue="947" us="946" />
			<bf gi="303" ue="949" us="948" />
			<bf gi="535" ue="959" us="950" />
			<bf gi="652" ue="960" us="960" />
			<bf gi="545" ue="962" us="961" />
			<bf gi="305" ue="964" us="963" />
			<bf gi="547" ue="965" us="965" />
			<bf gi="307" ue="966" us="966" />
			<bf gi="548" ue="974" us="967" />
			<bf gi="1346" ue="1014" us="976" />
			<bf gi="1994" ue="1016" us="1015" />
			<bf gi="2118" ue="1019" us="1017" />
			<bf gi="2137" ue="1023" us="1020" />
			<bf gi="1385" ue="1024" us="1024" />
			<bf gi="556" ue="1036" us="1025" />
			<bf gi="1386" ue="1037" us="1037" />
			<bf gi="568" ue="1103" us="1038" />
			<bf gi="1387" ue="1104" us="1104" />
			<bf gi="634" ue="1116" us="1105" />
			<bf gi="1388" ue="1117" us="1117" />
			<bf gi="646" ue="1119" us="1118" />
			<bf gi="1389" ue="1149" us="1120" />
			<bf gi="1420" ue="1158" us="1150" />
			<bf gi="2356" ue="1159" us="1159" />
			<bf gi="1429" ue="1167" us="1160" />
			<bf gi="648" ue="1169" us="1168" />
			<bf gi="919" ue="1171" us="1170" />
			<bf gi="1437" ue="1173" us="1172" />
			<bf gi="921" ue="1175" us="1174" />
			<bf gi="1439" ue="1177" us="1176" />
			<bf gi="923" ue="1181" us="1178" />
			<bf gi="1441" ue="1185" us="1182" />
			<bf gi="927" ue="1187" us="1186" />
			<bf gi="1445" ue="1197" us="1188" />
			<bf gi="929" ue="1203" us="1198" />
			<bf gi="1455" ue="1207" us="1204" />
			<bf gi="935" ue="1211" us="1208" />
			<bf gi="1459" ue="1230" us="1212" />
			<bf gi="2297" ue="1231" us="1231" />
			<bf gi="1479" ue="1239" us="1232" />
			<bf gi="939" ue="1241" us="1240" />
			<bf gi="1487" ue="1255" us="1242" />
			<bf gi="941" ue="1257" us="1256" />
			<bf gi="1501" ue="1269" us="1258" />
			<bf gi="2141" ue="1271" us="1270" />
			<bf gi="1513" ue="1273" us="1272" />
			<bf gi="2298" ue="1279" us="1274" />
			<bf gi="1515" ue="1295" us="1280" />
			<bf gi="2304" ue="1299" us="1296" />
			<bf gi="2357" ue="1309" us="1306" />
			<bf gi="1531" ue="1441" us="1425" />
			<bf gi="2143" ue="1442" us="1442" />
			<bf gi="1548" ue="1455" us="1443" />
			<bf gi="655" ue="1465" us="1456" />
			<bf gi="2144" ue="1466" us="1466" />
			<bf gi="665" ue="1475" us="1467" />
			<bf gi="1561" ue="1476" us="1476" />
			<bf gi="2145" ue="1479" us="1477" />
			<bf gi="674" ue="1514" us="1488" />
			<bf gi="701" ue="1524" us="1520" />
			<bf gi="1996" ue="7530" us="7424" />
			<bf gi="2121" ue="7531" us="7531" />
			<bf gi="2148" ue="7619" us="7532" />
			<bf gi="2308" ue="7626" us="7620" />
			<bf gi="2315" ue="7679" us="7678" />
			<bf gi="1569" ue="7807" us="7680" />
			<bf gi="477" ue="7813" us="7808" />
			<bf gi="1697" ue="7835" us="7814" />
			<bf gi="2361" ue="7838" us="7838" />
			<bf gi="809" ue="7921" us="7840" />
			<bf gi="483" ue="7923" us="7922" />
			<bf gi="891" ue="7929" us="7924" />
			<bf gi="1719" ue="7957" us="7936" />
			<bf gi="1741" ue="7965" us="7960" />
			<bf gi="1747" ue="8005" us="7968" />
			<bf gi="1785" ue="8013" us="8008" />
			<bf gi="1791" ue="8023" us="8016" />
			<bf gi="1799" ue="8025" us="8025" />
			<bf gi="1800" ue="8027" us="8027" />
			<bf gi="1801" ue="8029" us="8029" />
			<bf gi="1802" ue="8061" us="8031" />
			<bf gi="1833" ue="8116" us="8064" />
			<bf gi="1886" ue="8132" us="8118" />
			<bf gi="1901" ue="8147" us="8134" />
			<bf gi="1915" ue="8155" us="8150" />
			<bf gi="1921" ue="8175" us="8157" />
			<bf gi="1940" ue="8180" us="8178" />
			<bf gi="1943" ue="8190" us="8182" />
			<bf gi="746" ue="8207" us="8204" />
			<bf gi="2115" ue="8210" us="8210" />
			<bf gi="177" ue="8212" us="8211" />
			<bf gi="650" ue="8213" us="8213" />
			<bf gi="308" ue="8215" us="8215" />
			<bf gi="181" ue="8217" us="8216" />
			<bf gi="195" ue="8218" us="8218" />
			<bf gi="485" ue="8219" us="8219" />
			<bf gi="179" ue="8221" us="8220" />
			<bf gi="196" ue="8222" us="8222" />
			<bf gi="2116" ue="8223" us="8223" />
			<bf gi="130" ue="8224" us="8224" />
			<bf gi="193" ue="8225" us="8225" />
			<bf gi="135" ue="8226" us="8226" />
			<bf gi="171" ue="8230" us="8230" />
			<bf gi="197" ue="8240" us="8240" />
			<bf gi="397" ue="8243" us="8242" />
			<bf gi="2117" ue="8244" us="8244" />
			<bf gi="189" ue="8250" us="8249" />
			<bf gi="309" ue="8252" us="8252" />
			<bf gi="486" ue="8254" us="8254" />
			<bf gi="187" ue="8260" us="8260" />
			<bf gi="2236" ue="8286" us="8286" />
			<bf gi="310" ue="8319" us="8319" />
			<bf gi="2237" ue="8340" us="8336" />
			<bf gi="947" ue="8354" us="8352" />
			<bf gi="245" ue="8355" us="8355" />
			<bf gi="487" ue="8356" us="8356" />
			<bf gi="950" ue="8358" us="8357" />
			<bf gi="311" ue="8359" us="8359" />
			<bf gi="952" ue="8361" us="8360" />
			<bf gi="706" ue="8362" us="8362" />
			<bf gi="772" ue="8363" us="8363" />
			<bf gi="188" ue="8364" us="8364" />
			<bf gi="954" ue="8369" us="8365" />
			<bf gi="2242" ue="8373" us="8370" />
			<bf gi="2362" ue="8432" us="8432" />
			<bf gi="399" ue="8453" us="8453" />
			<bf gi="400" ue="8467" us="8467" />
			<bf gi="651" ue="8470" us="8470" />
			<bf gi="140" ue="8482" us="8482" />
			<bf gi="159" ue="8486" us="8486" />
			<bf gi="488" ue="8494" us="8494" />
			<bf gi="2317" ue="8526" us="8525" />
			<bf gi="773" ue="8532" us="8531" />
			<bf gi="489" ue="8542" us="8539" />
			<bf gi="2319" ue="8580" us="8580" />
			<bf gi="312" ue="8597" us="8592" />
			<bf gi="318" ue="8616" us="8616" />
			<bf gi="152" ue="8706" us="8706" />
			<bf gi="168" ue="8710" us="8710" />
			<bf gi="154" ue="8719" us="8719" />
			<bf gi="153" ue="8721" us="8721" />
			<bf gi="237" ue="8722" us="8722" />
			<bf gi="187" ue="8725" us="8725" />
			<bf gi="194" ue="8729" us="8729" />
			<bf gi="165" ue="8730" us="8730" />
			<bf gi="146" ue="8734" us="8734" />
			<bf gi="319" ue="8735" us="8735" />
			<bf gi="320" ue="8745" us="8745" />
			<bf gi="156" ue="8747" us="8747" />
			<bf gi="167" ue="8776" us="8776" />
			<bf gi="143" ue="8800" us="8800" />
			<bf gi="321" ue="8801" us="8801" />
			<bf gi="148" ue="8805" us="8804" />
			<bf gi="322" ue="8962" us="8962" />
			<bf gi="323" ue="8976" us="8976" />
			<bf gi="324" ue="8993" us="8992" />
			<bf gi="326" ue="9472" us="9472" />
			<bf gi="327" ue="9474" us="9474" />
			<bf gi="328" ue="9484" us="9484" />
			<bf gi="329" ue="9488" us="9488" />
			<bf gi="330" ue="9492" us="9492" />
			<bf gi="331" ue="9496" us="9496" />
			<bf gi="332" ue="9500" us="9500" />
			<bf gi="333" ue="9508" us="9508" />
			<bf gi="334" ue="9516" us="9516" />
			<bf gi="335" ue="9524" us="9524" />
			<bf gi="336" ue="9532" us="9532" />
			<bf gi="337" ue="9580" us="9552" />
			<bf gi="366" ue="9600" us="9600" />
			<bf gi="367" ue="9604" us="9604" />
			<bf gi="368" ue="9608" us="9608" />
			<bf gi="369" ue="9612" us="9612" />
			<bf gi="370" ue="9619" us="9616" />
			<bf gi="374" ue="9632" us="9632" />
			<bf gi="401" ue="9633" us="9633" />
			<bf gi="402" ue="9643" us="9642" />
			<bf gi="375" ue="9644" us="9644" />
			<bf gi="376" ue="9650" us="9650" />
			<bf gi="377" ue="9658" us="9658" />
			<bf gi="378" ue="9660" us="9660" />
			<bf gi="379" ue="9668" us="9668" />
			<bf gi="184" ue="9674" us="9674" />
			<bf gi="380" ue="9675" us="9675" />
			<bf gi="1953" ue="9676" us="9676" />
			<bf gi="404" ue="9679" us="9679" />
			<bf gi="381" ue="9689" us="9688" />
			<bf gi="405" ue="9702" us="9702" />
			<bf gi="383" ue="9788" us="9786" />
			<bf gi="386" ue="9792" us="9792" />
			<bf gi="387" ue="9794" us="9794" />
			<bf gi="388" ue="9824" us="9824" />
			<bf gi="389" ue="9827" us="9827" />
			<bf gi="390" ue="9830" us="9829" />
			<bf gi="392" ue="9835" us="9834" />
			<bf gi="1952" ue="9839" us="9839" />
			<bf gi="2320" ue="11372" us="11360" />
			<bf gi="2363" ue="11373" us="11373" />
			<bf gi="2364" ue="11379" us="11377" />
			<bf gi="2333" ue="11383" us="11380" />
			<bf gi="2246" ue="11799" us="11799" />
			<bf gi="2337" ue="42778" us="42775" />
			<bf gi="2371" ue="42783" us="42779" />
			<bf gi="2341" ue="42785" us="42784" />
			<bf gi="2376" ue="42888" us="42888" />
			<bf gi="2367" ue="42892" us="42889" />
			<bf gi="191" ue="64258" us="64257" />
			<bf gi="943" ue="64286" us="64285" />
			<bf gi="946" ue="64287" us="64287" />
			<bf gi="712" ue="64288" us="64288" />
			<bf gi="2103" ue="64297" us="64289" />
			<bf gi="713" ue="64310" us="64298" />
			<bf gi="726" ue="64316" us="64312" />
			<bf gi="731" ue="64318" us="64318" />
			<bf gi="732" ue="64321" us="64320" />
			<bf gi="734" ue="64324" us="64323" />
			<bf gi="736" ue="64335" us="64326" />
			<bf gi="1954" ue="65059" us="65056" />
			<bf gi="751" ue="65532" us="65532" />
			<bf gi="0" ue="65535" us="65535" />
		</bfranges>
		<cid-widths start-index="0">
			<wx w="600" />
			<wx w="0" />
			<wx w="600" />
			<wx w="600" />
			<wx w="600" />
			<wx w="600" />
			<wx w="600" />
			<wx w="600" />
			<wx w="600" />
			<wx w="600" />
			<wx w="600" />
			<wx w="600" />
			<wx w="600" />
			<wx w="600" />
			<wx w="600" />
			<wx w="600" />
			<wx w="600" />
			<wx w="600" />
			<wx w="600" />
			<wx w="600" />
			<wx w="600" />
			<wx w="600" />
			<wx w="600" />
			<wx w="600" />
			<wx w="600" />
			<wx w="600" />
			<wx w="600" />
			<wx w="600" />
			<wx w="600" />
			<wx w="600" />
			<wx w="600" />
			<wx w="600" />
			<wx w="600" />
			<wx w="600" />
			<wx w="600" />
			<wx w="600" />
			<wx w="600" />
			<wx w="600" />
			<wx w="600" />
			<wx w="600" />
			<wx w="600" />
			<wx w="600" />
			<wx w="600" />
			<wx w="600" />
			<wx w="600" />
			<wx w="600" />
			<wx w="600" />
			<wx w="600" />
			<wx w="600" />
			<wx w="600" />
			<wx w="600" />
			<wx w="600" />
			<wx w="600" />
			<wx w="600" />
			<wx w="600" />
			<wx w="600" />
			<wx w="600" />
			<wx w="600" />
			<wx w="600" />
			<wx w="600" />
			<wx w="600" />
			<wx w="600" />
			<wx w="600" />
			<wx w="600" />
			<wx w="600" />
			<wx w="600" />
			<wx w="600" />
			<wx w="600" />
			<wx w="600" />
			<wx w="600" />
			<wx w="600" />
			<wx w="600" />
			<wx w="600" />
			<wx w="600" />
			<wx w="600" />
			<wx w="600" />
			<wx w="600" />
			<wx w="600" />
			<wx w="600" />
			<wx w="600" />
			<wx w="600" />
			<wx w="600" />
			<wx w="600" />
			<wx w="600" />
			<wx w="600" />
			<wx w="600" />
			<wx w="600" />
			<wx w="600" />
			<wx w="600" />
			<wx w="600" />
			<wx w="600" />
			<wx w="600" />
			<wx w="600" />
			<wx w="600" />
			<wx w="600" />
			<wx w="600" />
			<wx w="600" />
			<wx w="600" />
			<wx w="600" />
			<wx w="600" />
			<wx w="600" />
			<wx w="600" />
			<wx w="600" />
			<wx w="600" />
			<wx w="600" />
			<wx w="600" />
			<wx w="600" />
			<wx w="600" />
			<wx w="600" />
			<wx w="600" />
			<wx w="600" />
			<wx w="600" />
			<wx w="600" />
			<wx w="600" />
			<wx w="600" />
			<wx w="600" />
			<wx w="600" />
			<wx w="600" />
			<wx w="600" />
			<wx w="600" />
			<wx w="600" />
			<wx w="600" />
			<wx w="600" />
			<wx w="600" />
			<wx w="600" />
			<wx w="600" />
			<wx w="600" />
			<wx w="600" />
			<wx w="600" />
			<wx w="600" />
			<wx w="600" />
			<wx w="600" />
			<wx w="600" />
			<wx w="600" />
			<wx w="600" />
			<wx w="600" />
			<wx w="600" />
			<wx w="600" />
			<wx w="600" />
			<wx w="600" />
			<wx w="600" />
			<wx w="600" />
			<wx w="600" />
			<wx w="600" />
			<wx w="600" />
			<wx w="600" />
			<wx w="600" />
			<wx w="600" />
			<wx w="600" />
			<wx w="600" />
			<wx w="600" />
			<wx w="600" />
			<wx w="600" />
			<wx w="600" />
			<wx w="600" />
			<wx w="600" />
			<wx w="600" />
			<wx w="600" />
			<wx w="600" />
			<wx w="600" />
			<wx w="600" />
			<wx w="600" />
			<wx w="600" />
			<wx w="600" />
			<wx w="600" />
			<wx w="600" />
			<wx w="600" />
			<wx w="600" />
			<wx w="600" />
			<wx w="600" />
			<wx w="600" />
			<wx w="600" />
			<wx w="600" />
			<wx w="600" />
			<wx w="600" />
			<wx w="600" />
			<wx w="600" />
			<wx w="600" />
			<wx w="600" />
			<wx w="600" />
			<wx w="600" />
			<wx w="600" />
			<wx w="600" />
			<wx w="600" />
			<wx w="600" />
			<wx w="600" />
			<wx w="600" />
			<wx w="600" />
			<wx w="600" />
			<wx w="600" />
			<wx w="600" />
			<wx w="600" />
			<wx w="600" />
			<wx w="600" />
			<wx w="600" />
			<wx w="600" />
			<wx w="600" />
			<wx w="600" />
			<wx w="600" />
			<wx w="600" />
			<wx w="600" />
			<wx w="600" />
			<wx w="600" />
			<wx w="600" />
			<wx w="600" />
			<wx w="600" />
			<wx w="600" />
			<wx w="600" />
			<wx w="600" />
			<wx w="600" />
			<wx w="600" />
			<wx w="600" />
			<wx w="600" />
			<wx w="600" />
			<wx w="600" />
			<wx w="600" />
			<wx w="600" />
			<wx w="600" />
			<wx w="600" />
			<wx w="600" />
			<wx w="600" />
			<wx w="600" />
			<wx w="600" />
			<wx w="600" />
			<wx w="600" />
			<wx w="600" />
			<wx w="600" />
			<wx w="600" />
			<wx w="600" />
			<wx w="600" />
			<wx w="600" />
			<wx w="600" />
			<wx w="600" />
			<wx w="600" />
			<wx w="600" />
			<wx w="600" />
			<wx w="600" />
			<wx w="600" />
			<wx w="600" />
			<wx w="600" />
			<wx w="600" />
			<wx w="600" />
			<wx w="600" />
			<wx w="600" />
			<wx w="600" />
			<wx w="600" />
			<wx w="600" />
			<wx w="600" />
			<wx w="600" />
			<wx w="600" />
			<wx w="600" />
			<wx w="600" />
			<wx w="600" />
			<wx w="600" />
			<wx w="600" />
			<wx w="600" />
			<wx w="600" />
			<wx w="600" />
			<wx w="600" />
			<wx w="600" />
			<wx w="600" />
			<wx w="600" />
			<wx w="600" />
			<wx w="600" />
			<wx w="600" />
			<wx w="600" />
			<wx w="600" />
			<wx w="600" />
			<wx w="600" />
			<wx w="600" />
			<wx w="600" />
			<wx w="600" />
			<wx w="600" />
			<wx w="600" />
			<wx w="600" />
			<wx w="600" />
			<wx w="600" />
			<wx w="600" />
			<wx w="600" />
			<wx w="600" />
			<wx w="600" />
			<wx w="600" />
			<wx w="600" />
			<wx w="600" />
			<wx w="600" />
			<wx w="600" />
			<wx w="600" />
			<wx w="600" />
			<wx w="600" />
			<wx w="600" />
			<wx w="600" />
			<wx w="600" />
			<wx w="600" />
			<wx w="600" />
			<wx w="600" />
			<wx w="600" />
			<wx w="600" />
			<wx w="600" />
			<wx w="600" />
			<wx w="600" />
			<wx w="600" />
			<wx w="600" />
			<wx w="600" />
			<wx w="600" />
			<wx w="600" />
			<wx w="600" />
			<wx w="600" />
			<wx w="600" />
			<wx w="600" />
			<wx w="600" />
			<wx w="600" />
			<wx w="600" />
			<wx w="600" />
			<wx w="600" />
			<wx w="600" />
			<wx w="600" />
			<wx w="600" />
			<wx w="600" />
			<wx w="600" />
			<wx w="600" />
			<wx w="600" />
			<wx w="600" />
			<wx w="600" />
			<wx w="600" />
			<wx w="600" />
			<wx w="600" />
			<wx w="600" />
			<wx w="600" />
			<wx w="600" />
			<wx w="600" />
			<wx w="600" />
			<wx w="600" />
			<wx w="600" />
			<wx w="600" />
			<wx w="600" />
			<wx w="600" />
			<wx w="600" />
			<wx w="600" />
			<wx w="600" />
			<wx w="600" />
			<wx w="600" />
			<wx w="600" />
			<wx w="600" />
			<wx w="600" />
			<wx w="600" />
			<wx w="600" />
			<wx w="600" />
			<wx w="600" />
			<wx w="600" />
			<wx w="600" />
			<wx w="600" />
			<wx w="600" />
			<wx w="600" />
			<wx w="600" />
			<wx w="600" />
			<wx w="600" />
			<wx w="600" />
			<wx w="600" />
			<wx w="600" />
			<wx w="600" />
			<wx w="600" />
			<wx w="600" />
			<wx w="600" />
			<wx w="600" />
			<wx w="600" />
			<wx w="600" />
			<wx w="600" />
			<wx w="600" />
			<wx w="600" />
			<wx w="600" />
			<wx w="600" />
			<wx w="600" />
			<wx w="600" />
			<wx w="600" />
			<wx w="600" />
			<wx w="600" />
			<wx w="600" />
			<wx w="600" />
			<wx w="600" />
			<wx w="600" />
			<wx w="600" />
			<wx w="600" />
			<wx w="600" />
			<wx w="600" />
			<wx w="600" />
			<wx w="600" />
			<wx w="600" />
			<wx w="600" />
			<wx w="600" />
			<wx w="600" />
			<wx w="600" />
			<wx w="600" />
			<wx w="600" />
			<wx w="600" />
			<wx w="600" />
			<wx w="600" />
			<wx w="600" />
			<wx w="600" />
			<wx w="600" />
			<wx w="600" />
			<wx w="600" />
			<wx w="600" />
			<wx w="600" />
			<wx w="600" />
			<wx w="600" />
			<wx w="600" />
			<wx w="600" />
			<wx w="600" />
			<wx w="600" />
			<wx w="600" />
			<wx w="600" />
			<wx w="600" />
			<wx w="600" />
			<wx w="600" />
			<wx w="600" />
			<wx w="600" />
			<wx w="600" />
			<wx w="600" />
			<wx w="600" />
			<wx w="600" />
			<wx w="600" />
			<wx w="600" />
			<wx w="600" />
			<wx w="600" />
			<wx w="600" />
			<wx w="600" />
			<wx w="600" />
			<wx w="600" />
			<wx w="600" />
			<wx w="600" />
			<wx w="600" />
			<wx w="600" />
			<wx w="600" />
			<wx w="600" />
			<wx w="600" />
			<wx w="600" />
			<wx w="600" />
			<wx w="600" />
			<wx w="600" />
			<wx w="600" />
			<wx w="600" />
			<wx w="600" />
			<wx w="600" />
			<wx w="600" />
			<wx w="600" />
			<wx w="600" />
			<wx w="600" />
			<wx w="600" />
			<wx w="600" />
			<wx w="600" />
			<wx w="600" />
			<wx w="600" />
			<wx w="600" />
			<wx w="600" />
			<wx w="600" />
			<wx w="600" />
			<wx w="600" />
			<wx w="600" />
			<wx w="600" />
			<wx w="600" />
			<wx w="600" />
			<wx w="600" />
			<wx w="600" />
			<wx w="600" />
			<wx w="600" />
			<wx w="600" />
			<wx w="600" />
			<wx w="600" />
			<wx w="600" />
			<wx w="600" />
			<wx w="600" />
			<wx w="600" />
			<wx w="600" />
			<wx w="600" />
			<wx w="600" />
			<wx w="600" />
			<wx w="600" />
			<wx w="600" />
			<wx w="600" />
			<wx w="600" />
			<wx w="600" />
			<wx w="600" />
			<wx w="600" />
			<wx w="600" />
			<wx w="600" />
			<wx w="600" />
			<wx w="600" />
			<wx w="600" />
			<wx w="600" />
			<wx w="600" />
			<wx w="600" />
			<wx w="600" />
			<wx w="600" />
			<wx w="600" />
			<wx w="600" />
			<wx w="600" />
			<wx w="600" />
			<wx w="600" />
			<wx w="600" />
			<wx w="600" />
			<wx w="600" />
			<wx w="600" />
			<wx w="600" />
			<wx w="600" />
			<wx w="600" />
			<wx w="600" />
			<wx w="600" />
			<wx w="600" />
			<wx w="600" />
			<wx w="600" />
			<wx w="600" />
			<wx w="600" />
			<wx w="600" />
			<wx w="600" />
			<wx w="600" />
			<wx w="600" />
			<wx w="600" />
			<wx w="600" />
			<wx w="600" />
			<wx w="600" />
			<wx w="600" />
			<wx w="600" />
			<wx w="600" />
			<wx w="600" />
			<wx w="600" />
			<wx w="600" />
			<wx w="600" />
			<wx w="600" />
			<wx w="600" />
			<wx w="600" />
			<wx w="600" />
			<wx w="600" />
			<wx w="600" />
			<wx w="600" />
			<wx w="600" />
			<wx w="600" />
			<wx w="600" />
			<wx w="600" />
			<wx w="600" />
			<wx w="600" />
			<wx w="600" />
			<wx w="600" />
			<wx w="600" />
			<wx w="600" />
			<wx w="600" />
			<wx w="600" />
			<wx w="600" />
			<wx w="600" />
			<wx w="600" />
			<wx w="600" />
			<wx w="600" />
			<wx w="600" />
			<wx w="600" />
			<wx w="600" />
			<wx w="600" />
			<wx w="600" />
			<wx w="600" />
			<wx w="600" />
			<wx w="600" />
			<wx w="600" />
			<wx w="600" />
			<wx w="600" />
			<wx w="600" />
			<wx w="600" />
			<wx w="600" />
			<wx w="600" />
			<wx w="600" />
			<wx w="600" />
			<wx w="600" />
			<wx w="600" />
			<wx w="600" />
			<wx w="600" />
			<wx w="600" />
			<wx w="600" />
			<wx w="600" />
			<wx w="600" />
			<wx w="600" />
			<wx w="600" />
			<wx w="600" />
			<wx w="600" />
			<wx w="600" />
			<wx w="600" />
			<wx w="600" />
			<wx w="600" />
			<wx w="600" />
			<wx w="600" />
			<wx w="600" />
			<wx w="600" />
			<wx w="600" />
			<wx w="600" />
			<wx w="600" />
			<wx w="600" />
			<wx w="600" />
			<wx w="600" />
			<wx w="600" />
			<wx w="600" />
			<wx w="600" />
			<wx w="600" />
			<wx w="600" />
			<wx w="600" />
			<wx w="600" />
			<wx w="600" />
			<wx w="600" />
			<wx w="600" />
			<wx w="600" />
			<wx w="600" />
			<wx w="600" />
			<wx w="600" />
			<wx w="600" />
			<wx w="600" />
			<wx w="600" />
			<wx w="600" />
			<wx w="600" />
			<wx w="600" />
			<wx w="600" />
			<wx w="600" />
			<wx w="600" />
			<wx w="600" />
			<wx w="600" />
			<wx w="600" />
			<wx w="600" />
			<wx w="600" />
			<wx w="600" />
			<wx w="600" />
			<wx w="600" />
			<wx w="600" />
			<wx w="600" />
			<wx w="600" />
			<wx w="600" />
			<wx w="600" />
			<wx w="600" />
			<wx w="600" />
			<wx w="600" />
			<wx w="600" />
			<wx w="600" />
			<wx w="600" />
			<wx w="600" />
			<wx w="600" />
			<wx w="600" />
			<wx w="600" />
			<wx w="600" />
			<wx w="600" />
			<wx w="600" />
			<wx w="600" />
			<wx w="600" />
			<wx w="600" />
			<wx w="600" />
			<wx w="600" />
			<wx w="600" />
			<wx w="600" />
			<wx w="600" />
			<wx w="600" />
			<wx w="600" />
			<wx w="600" />
			<wx w="600" />
			<wx w="600" />
			<wx w="600" />
			<wx w="600" />
			<wx w="600" />
			<wx w="600" />
			<wx w="600" />
			<wx w="600" />
			<wx w="600" />
			<wx w="600" />
			<wx w="600" />
			<wx w="600" />
			<wx w="600" />
			<wx w="600" />
			<wx w="600" />
			<wx w="600" />
			<wx w="600" />
			<wx w="600" />
			<wx w="600" />
			<wx w="600" />
			<wx w="600" />
			<wx w="600" />
			<wx w="600" />
			<wx w="600" />
			<wx w="600" />
			<wx w="600" />
			<wx w="600" />
			<wx w="600" />
			<wx w="600" />
			<wx w="600" />
			<wx w="600" />
			<wx w="600" />
			<wx w="600" />
			<wx w="600" />
			<wx w="600" />
			<wx w="600" />
			<wx w="600" />
			<wx w="600" />
			<wx w="600" />
			<wx w="600" />
			<wx w="600" />
			<wx w="600" />
			<wx w="600" />
			<wx w="600" />
			<wx w="600" />
			<wx w="600" />
			<wx w="600" />
			<wx w="600" />
			<wx w="600" />
			<wx w="600" />
			<wx w="600" />
			<wx w="600" />
			<wx w="600" />
			<wx w="600" />
			<wx w="600" />
			<wx w="600" />
			<wx w="600" />
			<wx w="600" />
			<wx w="600" />
			<wx w="600" />
			<wx w="600" />
			<wx w="600" />
			<wx w="600" />
			<wx w="600" />
			<wx w="600" />
			<wx w="600" />
			<wx w="600" />
			<wx w="600" />
			<wx w="600" />
			<wx w="600" />
			<wx w="600" />
			<wx w="600" />
			<wx w="600" />
			<wx w="600" />
			<wx w="600" />
			<wx w="600" />
			<wx w="600" />
			<wx w="600" />
			<wx w="600" />
			<wx w="600" />
			<wx w="600" />
			<wx w="600" />
			<wx w="600" />
			<wx w="600" />
			<wx w="600" />
			<wx w="600" />
			<wx w="600" />
			<wx w="600" />
			<wx w="600" />
			<wx w="600" />
			<wx w="600" />
			<wx w="600" />
			<wx w="600" />
			<wx w="600" />
			<wx w="600" />
			<wx w="600" />
			<wx w="600" />
			<wx w="600" />
			<wx w="600" />
			<wx w="600" />
			<wx w="600" />
			<wx w="600" />
			<wx w="600" />
			<wx w="600" />
			<wx w="600" />
			<wx w="600" />
			<wx w="600" />
			<wx w="600" />
			<wx w="600" />
			<wx w="600" />
			<wx w="600" />
			<wx w="600" />
			<wx w="600" />
			<wx w="600" />
			<wx w="600" />
			<wx w="600" />
			<wx w="600" />
			<wx w="600" />
			<wx w="600" />
			<wx w="600" />
			<wx w="600" />
			<wx w="600" />
			<wx w="600" />
			<wx w="600" />
			<wx w="600" />
			<wx w="600" />
			<wx w="600" />
			<wx w="600" />
			<wx w="600" />
			<wx w="600" />
			<wx w="600" />
			<wx w="600" />
			<wx w="600" />
			<wx w="600" />
			<wx w="600" />
			<wx w="600" />
			<wx w="600" />
			<wx w="600" />
			<wx w="600" />
			<wx w="600" />
			<wx w="600" />
			<wx w="600" />
			<wx w="600" />
			<wx w="600" />
			<wx w="600" />
			<wx w="600" />
			<wx w="600" />
			<wx w="600" />
			<wx w="600" />
			<wx w="600" />
			<wx w="600" />
			<wx w="600" />
			<wx w="600" />
			<wx w="600" />
			<wx w="600" />
			<wx w="600" />
			<wx w="600" />
			<wx w="600" />
			<wx w="600" />
			<wx w="600" />
			<wx w="600" />
			<wx w="600" />
			<wx w="600" />
			<wx w="600" />
			<wx w="600" />
			<wx w="600" />
			<wx w="600" />
			<wx w="600" />
			<wx w="600" />
			<wx w="600" />
			<wx w="600" />
			<wx w="600" />
			<wx w="600" />
			<wx w="600" />
			<wx w="600" />
			<wx w="600" />
			<wx w="600" />
			<wx w="600" />
			<wx w="600" />
			<wx w="600" />
			<wx w="600" />
			<wx w="600" />
			<wx w="600" />
			<wx w="600" />
			<wx w="600" />
			<wx w="600" />
			<wx w="600" />
			<wx w="600" />
			<wx w="600" />
			<wx w="600" />
			<wx w="600" />
			<wx w="600" />
			<wx w="600" />
			<wx w="600" />
			<wx w="600" />
			<wx w="600" />
			<wx w="600" />
			<wx w="600" />
			<wx w="600" />
			<wx w="600" />
			<wx w="600" />
			<wx w="600" />
			<wx w="600" />
			<wx w="600" />
			<wx w="600" />
			<wx w="600" />
			<wx w="600" />
			<wx w="600" />
			<wx w="600" />
			<wx w="600" />
			<wx w="600" />
			<wx w="600" />
			<wx w="600" />
			<wx w="600" />
			<wx w="600" />
			<wx w="600" />
			<wx w="600" />
			<wx w="600" />
			<wx w="600" />
			<wx w="600" />
			<wx w="600" />
			<wx w="600" />
			<wx w="600" />
			<wx w="600" />
			<wx w="600" />
			<wx w="600" />
			<wx w="600" />
			<wx w="600" />
			<wx w="600" />
			<wx w="600" />
			<wx w="600" />
			<wx w="600" />
			<wx w="600" />
			<wx w="600" />
			<wx w="600" />
			<wx w="600" />
			<wx w="600" />
			<wx w="600" />
			<wx w="600" />
			<wx w="600" />
			<wx w="600" />
			<wx w="600" />
			<wx w="600" />
			<wx w="600" />
			<wx w="600" />
			<wx w="600" />
			<wx w="600" />
			<wx w="600" />
			<wx w="600" />
			<wx w="600" />
			<wx w="600" />
			<wx w="600" />
			<wx w="600" />
			<wx w="600" />
			<wx w="600" />
			<wx w="600" />
			<wx w="600" />
			<wx w="600" />
			<wx w="600" />
			<wx w="600" />
			<wx w="600" />
			<wx w="600" />
			<wx w="600" />
			<wx w="600" />
			<wx w="600" />
			<wx w="600" />
			<wx w="600" />
			<wx w="600" />
			<wx w="600" />
			<wx w="600" />
			<wx w="600" />
			<wx w="600" />
			<wx w="600" />
			<wx w="600" />
			<wx w="600" />
			<wx w="600" />
			<wx w="600" />
			<wx w="600" />
			<wx w="600" />
			<wx w="600" />
			<wx w="600" />
			<wx w="600" />
			<wx w="600" />
			<wx w="600" />
			<wx w="600" />
			<wx w="600" />
			<wx w="600" />
			<wx w="600" />
			<wx w="600" />
			<wx w="600" />
			<wx w="600" />
			<wx w="600" />
			<wx w="600" />
			<wx w="600" />
			<wx w="600" />
			<wx w="600" />
			<wx w="600" />
			<wx w="600" />
			<wx w="600" />
			<wx w="600" />
			<wx w="600" />
			<wx w="600" />
			<wx w="600" />
			<wx w="600" />
			<wx w="600" />
			<wx w="600" />
			<wx w="600" />
			<wx w="600" />
			<wx w="600" />
			<wx w="600" />
			<wx w="600" />
			<wx w="600" />
			<wx w="600" />
			<wx w="600" />
			<wx w="600" />
			<wx w="600" />
			<wx w="600" />
			<wx w="600" />
			<wx w="600" />
			<wx w="600" />
			<wx w="600" />
			<wx w="600" />
			<wx w="600" />
			<wx w="600" />
			<wx w="600" />
			<wx w="600" />
			<wx w="600" />
			<wx w="600" />
			<wx w="600" />
			<wx w="600" />
			<wx w="600" />
			<wx w="600" />
			<wx w="600" />
			<wx w="600" />
			<wx w="600" />
			<wx w="600" />
			<wx w="600" />
			<wx w="600" />
			<wx w="600" />
			<wx w="600" />
			<wx w="600" />
			<wx w="600" />
			<wx w="600" />
			<wx w="600" />
			<wx w="600" />
			<wx w="600" />
			<wx w="600" />
			<wx w="600" />
			<wx w="600" />
			<wx w="600" />
			<wx w="600" />
			<wx w="600" />
			<wx w="600" />
			<wx w="600" />
			<wx w="600" />
			<wx w="600" />
			<wx w="600" />
			<wx w="600" />
			<wx w="600" />
			<wx w="600" />
			<wx w="600" />
			<wx w="600" />
			<wx w="600" />
			<wx w="600" />
			<wx w="600" />
			<wx w="600" />
			<wx w="600" />
			<wx w="600" />
			<wx w="600" />
			<wx w="600" />
			<wx w="600" />
			<wx w="600" />
			<wx w="600" />
			<wx w="600" />
			<wx w="600" />
			<wx w="600" />
			<wx w="600" />
			<wx w="600" />
			<wx w="600" />
			<wx w="600" />
			<wx w="600" />
			<wx w="600" />
			<wx w="600" />
			<wx w="600" />
			<wx w="600" />
			<wx w="600" />
			<wx w="600" />
			<wx w="600" />
			<wx w="600" />
			<wx w="600" />
			<wx w="600" />
			<wx w="600" />
			<wx w="600" />
			<wx w="600" />
			<wx w="600" />
			<wx w="600" />
			<wx w="600" />
			<wx w="600" />
			<wx w="600" />
			<wx w="600" />
			<wx w="600" />
			<wx w="600" />
			<wx w="600" />
			<wx w="600" />
			<wx w="600" />
			<wx w="600" />
			<wx w="600" />
			<wx w="600" />
			<wx w="600" />
			<wx w="600" />
			<wx w="600" />
			<wx w="600" />
			<wx w="600" />
			<wx w="600" />
			<wx w="600" />
			<wx w="600" />
			<wx w="600" />
			<wx w="600" />
			<wx w="600" />
			<wx w="600" />
			<wx w="600" />
			<wx w="600" />
			<wx w="600" />
			<wx w="600" />
			<wx w="600" />
			<wx w="600" />
			<wx w="600" />
			<wx w="600" />
			<wx w="600" />
			<wx w="600" />
			<wx w="600" />
			<wx w="600" />
			<wx w="600" />
			<wx w="600" />
			<wx w="600" />
			<wx w="600" />
			<wx w="600" />
			<wx w="600" />
			<wx w="600" />
			<wx w="600" />
			<wx w="600" />
			<wx w="600" />
			<wx w="600" />
			<wx w="600" />
			<wx w="600" />
			<wx w="600" />
			<wx w="600" />
			<wx w="600" />
			<wx w="600" />
			<wx w="600" />
			<wx w="600" />
			<wx w="600" />
			<wx w="600" />
			<wx w="600" />
			<wx w="600" />
			<wx w="600" />
			<wx w="600" />
			<wx w="600" />
			<wx w="600" />
			<wx w="600" />
			<wx w="600" />
			<wx w="600" />
			<wx w="600" />
			<wx w="600" />
			<wx w="600" />
			<wx w="600" />
			<wx w="600" />
			<wx w="600" />
			<wx w="600" />
			<wx w="600" />
			<wx w="600" />
			<wx w="600" />
			<wx w="600" />
			<wx w="600" />
			<wx w="600" />
			<wx w="600" />
			<wx w="600" />
			<wx w="600" />
			<wx w="600" />
			<wx w="600" />
			<wx w="600" />
			<wx w="600" />
			<wx w="600" />
			<wx w="600" />
			<wx w="600" />
			<wx w="600" />
			<wx w="600" />
			<wx w="600" />
			<wx w="600" />
			<wx w="600" />
			<wx w="600" />
			<wx w="600" />
			<wx w="600" />
			<wx w="600" />
			<wx w="600" />
			<wx w="600" />
			<wx w="600" />
			<wx w="600" />
			<wx w="600" />
			<wx w="600" />
			<wx w="600" />
			<wx w="600" />
			<wx w="600" />
			<wx w="600" />
			<wx w="600" />
			<wx w="600" />
			<wx w="600" />
			<wx w="600" />
			<wx w="600" />
			<wx w="600" />
			<wx w="600" />
			<wx w="600" />
			<wx w="600" />
			<wx w="600" />
			<wx w="600" />
			<wx w="600" />
			<wx w="600" />
			<wx w="600" />
			<wx w="600" />
			<wx w="600" />
			<wx w="600" />
			<wx w="600" />
			<wx w="600" />
			<wx w="600" />
			<wx w="600" />
			<wx w="600" />
			<wx w="600" />
			<wx w="600" />
			<wx w="600" />
			<wx w="600" />
			<wx w="600" />
			<wx w="600" />
			<wx w="600" />
			<wx w="600" />
			<wx w="600" />
			<wx w="600" />
			<wx w="600" />
			<wx w="600" />
			<wx w="600" />
			<wx w="600" />
			<wx w="600" />
			<wx w="600" />
			<wx w="600" />
			<wx w="600" />
			<wx w="600" />
			<wx w="600" />
			<wx w="600" />
			<wx w="600" />
			<wx w="600" />
			<wx w="600" />
			<wx w="600" />
			<wx w="600" />
			<wx w="600" />
			<wx w="600" />
			<wx w="600" />
			<wx w="600" />
			<wx w="600" />
			<wx w="600" />
			<wx w="600" />
			<wx w="600" />
			<wx w="600" />
			<wx w="600" />
			<wx w="600" />
			<wx w="600" />
			<wx w="600" />
			<wx w="600" />
			<wx w="600" />
			<wx w="600" />
			<wx w="600" />
			<wx w="600" />
			<wx w="600" />
			<wx w="600" />
			<wx w="600" />
			<wx w="600" />
			<wx w="600" />
			<wx w="600" />
			<wx w="600" />
			<wx w="600" />
			<wx w="600" />
			<wx w="600" />
			<wx w="600" />
			<wx w="600" />
			<wx w="600" />
			<wx w="600" />
			<wx w="600" />
			<wx w="600" />
			<wx w="600" />
			<wx w="600" />
			<wx w="600" />
			<wx w="600" />
			<wx w="600" />
			<wx w="600" />
			<wx w="600" />
			<wx w="600" />
			<wx w="600" />
			<wx w="600" />
			<wx w="600" />
			<wx w="600" />
			<wx w="600" />
			<wx w="600" />
			<wx w="600" />
			<wx w="600" />
			<wx w="600" />
			<wx w="600" />
			<wx w="600" />
			<wx w="600" />
			<wx w="600" />
			<wx w="600" />
			<wx w="600" />
			<wx w="600" />
			<wx w="600" />
			<wx w="600" />
			<wx w="600" />
			<wx w="600" />
			<wx w="600" />
			<wx w="600" />
			<wx w="600" />
			<wx w="600" />
			<wx w="600" />
			<wx w="600" />
			<wx w="600" />
			<wx w="600" />
			<wx w="600" />
			<wx w="600" />
			<wx w="600" />
			<wx w="600" />
			<wx w="600" />
			<wx w="600" />
			<wx w="600" />
			<wx w="600" />
			<wx w="600" />
			<wx w="600" />
			<wx w="600" />
			<wx w="600" />
			<wx w="600" />
			<wx w="600" />
			<wx w="600" />
			<wx w="600" />
			<wx w="600" />
			<wx w="600" />
			<wx w="600" />
			<wx w="600" />
			<wx w="600" />
			<wx w="600" />
			<wx w="600" />
			<wx w="600" />
			<wx w="600" />
			<wx w="600" />
			<wx w="600" />
			<wx w="600" />
			<wx w="600" />
			<wx w="600" />
			<wx w="600" />
			<wx w="600" />
			<wx w="600" />
			<wx w="600" />
			<wx w="600" />
			<wx w="600" />
			<wx w="600" />
			<wx w="600" />
			<wx w="600" />
			<wx w="600" />
			<wx w="600" />
			<wx w="600" />
			<wx w="600" />
			<wx w="600" />
			<wx w="600" />
			<wx w="600" />
			<wx w="600" />
			<wx w="600" />
			<wx w="600" />
			<wx w="600" />
			<wx w="600" />
			<wx w="600" />
			<wx w="600" />
			<wx w="600" />
			<wx w="600" />
			<wx w="600" />
			<wx w="600" />
			<wx w="600" />
			<wx w="600" />
			<wx w="600" />
			<wx w="600" />
			<wx w="600" />
			<wx w="600" />
			<wx w="600" />
			<wx w="600" />
			<wx w="600" />
			<wx w="600" />
			<wx w="600" />
			<wx w="600" />
			<wx w="600" />
			<wx w="600" />
			<wx w="600" />
			<wx w="600" />
			<wx w="600" />
			<wx w="600" />
			<wx w="600" />
			<wx w="600" />
			<wx w="600" />
			<wx w="600" />
			<wx w="600" />
			<wx w="600" />
			<wx w="600" />
			<wx w="600" />
			<wx w="600" />
			<wx w="600" />
			<wx w="600" />
			<wx w="600" />
			<wx w="600" />
			<wx w="600" />
			<wx w="600" />
			<wx w="600" />
			<wx w="600" />
			<wx w="600" />
			<wx w="600" />
			<wx w="600" />
			<wx w="600" />
			<wx w="600" />
			<wx w="600" />
			<wx w="600" />
			<wx w="600" />
			<wx w="600" />
			<wx w="600" />
			<wx w="600" />
			<wx w="600" />
			<wx w="600" />
			<wx w="600" />
			<wx w="600" />
			<wx w="600" />
			<wx w="600" />
			<wx w="600" />
			<wx w="600" />
			<wx w="600" />
			<wx w="600" />
			<wx w="600" />
			<wx w="600" />
			<wx w="600" />
			<wx w="600" />
			<wx w="600" />
			<wx w="600" />
			<wx w="600" />
			<wx w="600" />
			<wx w="600" />
			<wx w="600" />
			<wx w="600" />
			<wx w="600" />
			<wx w="600" />
			<wx w="600" />
			<wx w="600" />
			<wx w="600" />
			<wx w="600" />
			<wx w="600" />
			<wx w="600" />
			<wx w="600" />
			<wx w="600" />
			<wx w="600" />
			<wx w="600" />
			<wx w="600" />
			<wx w="600" />
			<wx w="600" />
			<wx w="600" />
			<wx w="600" />
			<wx w="600" />
			<wx w="600" />
			<wx w="600" />
			<wx w="600" />
			<wx w="600" />
			<wx w="600" />
			<wx w="600" />
			<wx w="600" />
			<wx w="600" />
			<wx w="600" />
			<wx w="600" />
			<wx w="600" />
			<wx w="600" />
			<wx w="600" />
			<wx w="600" />
			<wx w="600" />
			<wx w="600" />
			<wx w="600" />
			<wx w="600" />
			<wx w="600" />
			<wx w="600" />
			<wx w="600" />
			<wx w="600" />
			<wx w="600" />
			<wx w="600" />
			<wx w="600" />
			<wx w="600" />
			<wx w="600" />
			<wx w="600" />
			<wx w="600" />
			<wx w="600" />
			<wx w="600" />
			<wx w="600" />
			<wx w="600" />
			<wx w="600" />
			<wx w="600" />
			<wx w="600" />
			<wx w="600" />
			<wx w="600" />
			<wx w="600" />
			<wx w="600" />
			<wx w="600" />
			<wx w="600" />
			<wx w="600" />
			<wx w="600" />
			<wx w="600" />
			<wx w="600" />
			<wx w="600" />
			<wx w="600" />
			<wx w="600" />
			<wx w="600" />
			<wx w="600" />
			<wx w="600" />
			<wx w="600" />
			<wx w="600" />
			<wx w="600" />
			<wx w="600" />
			<wx w="600" />
			<wx w="600" />
			<wx w="600" />
			<wx w="600" />
			<wx w="600" />
			<wx w="600" />
			<wx w="600" />
			<wx w="600" />
			<wx w="600" />
			<wx w="600" />
			<wx w="600" />
			<wx w="600" />
			<wx w="600" />
			<wx w="600" />
			<wx w="600" />
			<wx w="600" />
			<wx w="600" />
			<wx w="600" />
			<wx w="600" />
			<wx w="600" />
			<wx w="600" />
			<wx w="600" />
			<wx w="600" />
			<wx w="600" />
			<wx w="600" />
			<wx w="600" />
			<wx w="600" />
			<wx w="600" />
			<wx w="600" />
			<wx w="600" />
			<wx w="600" />
			<wx w="600" />
			<wx w="600" />
			<wx w="600" />
			<wx w="600" />
			<wx w="600" />
			<wx w="600" />
			<wx w="600" />
			<wx w="600" />
			<wx w="600" />
			<wx w="600" />
			<wx w="600" />
			<wx w="600" />
			<wx w="600" />
			<wx w="600" />
			<wx w="600" />
			<wx w="600" />
			<wx w="600" />
			<wx w="600" />
			<wx w="600" />
			<wx w="600" />
			<wx w="600" />
			<wx w="600" />
			<wx w="600" />
			<wx w="600" />
			<wx w="600" />
			<wx w="600" />
			<wx w="600" />
			<wx w="600" />
			<wx w="600" />
			<wx w="600" />
			<wx w="600" />
			<wx w="600" />
			<wx w="600" />
			<wx w="600" />
			<wx w="600" />
			<wx w="600" />
			<wx w="600" />
			<wx w="600" />
			<wx w="600" />
			<wx w="600" />
			<wx w="600" />
			<wx w="600" />
			<wx w="600" />
			<wx w="600" />
			<wx w="600" />
			<wx w="600" />
			<wx w="600" />
			<wx w="600" />
			<wx w="600" />
			<wx w="600" />
			<wx w="600" />
			<wx w="600" />
			<wx w="600" />
			<wx w="600" />
			<wx w="600" />
			<wx w="600" />
			<wx w="600" />
			<wx w="600" />
			<wx w="600" />
			<wx w="600" />
			<wx w="600" />
			<wx w="600" />
			<wx w="600" />
			<wx w="600" />
			<wx w="600" />
			<wx w="600" />
			<wx w="600" />
			<wx w="600" />
			<wx w="600" />
			<wx w="600" />
			<wx w="600" />
			<wx w="600" />
			<wx w="600" />
			<wx w="600" />
			<wx w="600" />
			<wx w="600" />
			<wx w="600" />
			<wx w="600" />
			<wx w="600" />
			<wx w="600" />
			<wx w="600" />
			<wx w="600" />
			<wx w="600" />
			<wx w="600" />
			<wx w="600" />
			<wx w="600" />
			<wx w="600" />
			<wx w="600" />
			<wx w="600" />
			<wx w="600" />
			<wx w="600" />
			<wx w="600" />
			<wx w="600" />
			<wx w="600" />
			<wx w="600" />
			<wx w="600" />
			<wx w="600" />
			<wx w="600" />
			<wx w="600" />
			<wx w="600" />
			<wx w="600" />
			<wx w="600" />
			<wx w="600" />
			<wx w="600" />
			<wx w="600" />
			<wx w="600" />
			<wx w="600" />
			<wx w="600" />
			<wx w="600" />
			<wx w="600" />
			<wx w="600" />
			<wx w="600" />
			<wx w="600" />
			<wx w="600" />
			<wx w="600" />
			<wx w="600" />
			<wx w="600" />
			<wx w="600" />
			<wx w="600" />
			<wx w="600" />
			<wx w="600" />
			<wx w="600" />
			<wx w="600" />
			<wx w="600" />
			<wx w="600" />
			<wx w="600" />
			<wx w="600" />
			<wx w="600" />
			<wx w="600" />
			<wx w="600" />
			<wx w="600" />
			<wx w="600" />
			<wx w="600" />
			<wx w="600" />
			<wx w="600" />
			<wx w="600" />
			<wx w="600" />
			<wx w="600" />
			<wx w="600" />
			<wx w="600" />
			<wx w="600" />
			<wx w="600" />
			<wx w="600" />
			<wx w="600" />
			<wx w="600" />
			<wx w="600" />
			<wx w="600" />
			<wx w="600" />
			<wx w="600" />
			<wx w="600" />
			<wx w="600" />
			<wx w="600" />
			<wx w="600" />
			<wx w="600" />
			<wx w="600" />
			<wx w="600" />
			<wx w="600" />
			<wx w="600" />
			<wx w="600" />
			<wx w="600" />
			<wx w="600" />
			<wx w="600" />
			<wx w="600" />
			<wx w="600" />
			<wx w="600" />
			<wx w="600" />
			<wx w="600" />
			<wx w="600" />
			<wx w="600" />
			<wx w="600" />
			<wx w="600" />
			<wx w="600" />
			<wx w="600" />
			<wx w="600" />
			<wx w="600" />
			<wx w="600" />
			<wx w="600" />
			<wx w="600" />
			<wx w="600" />
			<wx w="600" />
			<wx w="600" />
			<wx w="600" />
			<wx w="600" />
			<wx w="600" />
			<wx w="600" />
			<wx w="600" />
			<wx w="600" />
			<wx w="600" />
			<wx w="600" />
			<wx w="600" />
			<wx w="600" />
			<wx w="600" />
			<wx w="600" />
			<wx w="600" />
			<wx w="600" />
			<wx w="600" />
			<wx w="600" />
			<wx w="600" />
			<wx w="600" />
			<wx w="600" />
			<wx w="600" />
			<wx w="600" />
			<wx w="600" />
			<wx w="600" />
			<wx w="600" />
			<wx w="600" />
			<wx w="600" />
			<wx w="600" />
			<wx w="600" />
			<wx w="600" />
			<wx w="600" />
			<wx w="600" />
			<wx w="600" />
			<wx w="600" />
			<wx w="600" />
			<wx w="600" />
			<wx w="600" />
			<wx w="600" />
			<wx w="600" />
			<wx w="600" />
			<wx w="600" />
			<wx w="600" />
			<wx w="600" />
			<wx w="600" />
			<wx w="600" />
			<wx w="600" />
			<wx w="600" />
			<wx w="600" />
			<wx w="600" />
			<wx w="600" />
			<wx w="600" />
			<wx w="600" />
			<wx w="600" />
			<wx w="600" />
			<wx w="600" />
			<wx w="600" />
			<wx w="600" />
			<wx w="600" />
			<wx w="600" />
			<wx w="600" />
			<wx w="600" />
			<wx w="600" />
			<wx w="600" />
			<wx w="600" />
			<wx w="600" />
			<wx w="600" />
			<wx w="600" />
			<wx w="600" />
			<wx w="600" />
			<wx w="600" />
			<wx w="600" />
			<wx w="600" />
			<wx w="600" />
			<wx w="600" />
			<wx w="600" />
			<wx w="600" />
			<wx w="600" />
			<wx w="600" />
			<wx w="600" />
			<wx w="600" />
			<wx w="600" />
			<wx w="600" />
			<wx w="600" />
			<wx w="600" />
			<wx w="600" />
			<wx w="600" />
			<wx w="600" />
			<wx w="600" />
			<wx w="600" />
			<wx w="600" />
			<wx w="600" />
			<wx w="600" />
			<wx w="600" />
			<wx w="600" />
			<wx w="600" />
			<wx w="600" />
			<wx w="600" />
			<wx w="600" />
			<wx w="600" />
			<wx w="600" />
			<wx w="600" />
			<wx w="600" />
			<wx w="600" />
			<wx w="600" />
			<wx w="600" />
			<wx w="600" />
			<wx w="600" />
			<wx w="600" />
			<wx w="600" />
			<wx w="600" />
			<wx w="600" />
			<wx w="600" />
			<wx w="600" />
			<wx w="600" />
			<wx w="600" />
			<wx w="600" />
			<wx w="600" />
			<wx w="600" />
			<wx w="600" />
			<wx w="600" />
			<wx w="600" />
			<wx w="600" />
			<wx w="600" />
			<wx w="600" />
			<wx w="600" />
			<wx w="600" />
			<wx w="600" />
			<wx w="600" />
			<wx w="600" />
			<wx w="600" />
			<wx w="600" />
			<wx w="600" />
			<wx w="600" />
			<wx w="600" />
			<wx w="600" />
			<wx w="600" />
			<wx w="600" />
			<wx w="600" />
			<wx w="600" />
			<wx w="600" />
			<wx w="600" />
			<wx w="600" />
			<wx w="600" />
			<wx w="600" />
			<wx w="600" />
			<wx w="600" />
			<wx w="600" />
			<wx w="600" />
			<wx w="600" />
			<wx w="600" />
			<wx w="600" />
			<wx w="600" />
			<wx w="600" />
			<wx w="600" />
			<wx w="600" />
			<wx w="600" />
			<wx w="600" />
			<wx w="600" />
			<wx w="600" />
			<wx w="600" />
			<wx w="600" />
			<wx w="600" />
			<wx w="600" />
			<wx w="600" />
			<wx w="600" />
			<wx w="600" />
			<wx w="600" />
			<wx w="600" />
			<wx w="600" />
			<wx w="600" />
			<wx w="600" />
			<wx w="600" />
			<wx w="600" />
			<wx w="600" />
			<wx w="600" />
			<wx w="600" />
			<wx w="600" />
			<wx w="600" />
			<wx w="600" />
			<wx w="600" />
			<wx w="600" />
			<wx w="600" />
			<wx w="600" />
			<wx w="600" />
			<wx w="600" />
			<wx w="600" />
			<wx w="600" />
			<wx w="600" />
			<wx w="600" />
			<wx w="600" />
			<wx w="600" />
			<wx w="600" />
			<wx w="600" />
			<wx w="600" />
			<wx w="600" />
			<wx w="600" />
			<wx w="600" />
			<wx w="600" />
			<wx w="600" />
			<wx w="600" />
			<wx w="600" />
			<wx w="600" />
			<wx w="600" />
			<wx w="600" />
			<wx w="600" />
			<wx w="600" />
			<wx w="600" />
			<wx w="600" />
			<wx w="600" />
			<wx w="600" />
			<wx w="600" />
			<wx w="600" />
			<wx w="600" />
			<wx w="600" />
			<wx w="600" />
			<wx w="600" />
			<wx w="600" />
			<wx w="600" />
			<wx w="600" />
			<wx w="600" />
			<wx w="600" />
			<wx w="600" />
			<wx w="600" />
			<wx w="600" />
			<wx w="600" />
			<wx w="600" />
			<wx w="600" />
			<wx w="600" />
			<wx w="600" />
			<wx w="600" />
			<wx w="600" />
			<wx w="600" />
			<wx w="600" />
			<wx w="600" />
			<wx w="600" />
			<wx w="600" />
			<wx w="600" />
			<wx w="600" />
			<wx w="600" />
			<wx w="600" />
			<wx w="600" />
			<wx w="600" />
			<wx w="600" />
			<wx w="600" />
			<wx w="600" />
			<wx w="600" />
			<wx w="600" />
			<wx w="600" />
			<wx w="600" />
			<wx w="600" />
			<wx w="600" />
			<wx w="600" />
			<wx w="600" />
			<wx w="600" />
			<wx w="600" />
			<wx w="600" />
			<wx w="600" />
			<wx w="600" />
			<wx w="600" />
			<wx w="600" />
			<wx w="600" />
			<wx w="600" />
			<wx w="600" />
			<wx w="600" />
			<wx w="600" />
			<wx w="600" />
			<wx w="600" />
			<wx w="600" />
			<wx w="600" />
			<wx w="600" />
			<wx w="600" />
			<wx w="600" />
			<wx w="600" />
			<wx w="600" />
			<wx w="600" />
			<wx w="600" />
			<wx w="600" />
			<wx w="600" />
			<wx w="600" />
			<wx w="600" />
			<wx w="600" />
			<wx w="600" />
			<wx w="600" />
			<wx w="600" />
			<wx w="600" />
			<wx w="600" />
			<wx w="600" />
			<wx w="600" />
			<wx w="600" />
			<wx w="600" />
			<wx w="600" />
			<wx w="600" />
			<wx w="600" />
			<wx w="600" />
			<wx w="600" />
			<wx w="600" />
			<wx w="600" />
			<wx w="600" />
			<wx w="600" />
			<wx w="600" />
			<wx w="600" />
			<wx w="600" />
			<wx w="600" />
			<wx w="600" />
			<wx w="600" />
			<wx w="600" />
			<wx w="600" />
			<wx w="600" />
			<wx w="600" />
			<wx w="600" />
			<wx w="600" />
			<wx w="600" />
			<wx w="600" />
			<wx w="600" />
			<wx w="600" />
			<wx w="600" />
			<wx w="600" />
			<wx w="600" />
			<wx w="600" />
			<wx w="600" />
			<wx w="600" />
			<wx w="600" />
			<wx w="600" />
			<wx w="600" />
			<wx w="600" />
			<wx w="600" />
			<wx w="600" />
			<wx w="600" />
			<wx w="600" />
			<wx w="600" />
			<wx w="600" />
			<wx w="600" />
			<wx w="600" />
			<wx w="600" />
			<wx w="600" />
			<wx w="600" />
			<wx w="600" />
			<wx w="600" />
			<wx w="600" />
			<wx w="600" />
			<wx w="600" />
			<wx w="600" />
			<wx w="600" />
			<wx w="600" />
			<wx w="600" />
			<wx w="600" />
			<wx w="600" />
			<wx w="600" />
			<wx w="600" />
			<wx w="600" />
			<wx w="600" />
			<wx w="600" />
			<wx w="600" />
			<wx w="600" />
			<wx w="600" />
			<wx w="600" />
			<wx w="600" />
			<wx w="600" />
			<wx w="600" />
			<wx w="600" />
			<wx w="600" />
			<wx w="600" />
			<wx w="600" />
			<wx w="600" />
			<wx w="600" />
			<wx w="600" />
			<wx w="600" />
			<wx w="600" />
			<wx w="600" />
			<wx w="600" />
			<wx w="600" />
			<wx w="600" />
			<wx w="600" />
			<wx w="600" />
			<wx w="600" />
			<wx w="600" />
			<wx w="600" />
			<wx w="600" />
			<wx w="600" />
			<wx w="600" />
			<wx w="600" />
			<wx w="600" />
			<wx w="600" />
			<wx w="600" />
			<wx w="600" />
			<wx w="600" />
			<wx w="600" />
			<wx w="600" />
			<wx w="600" />
			<wx w="600" />
			<wx w="600" />
			<wx w="600" />
			<wx w="600" />
			<wx w="600" />
			<wx w="600" />
			<wx w="600" />
			<wx w="600" />
			<wx w="600" />
			<wx w="600" />
			<wx w="600" />
			<wx w="600" />
			<wx w="600" />
			<wx w="600" />
			<wx w="600" />
			<wx w="600" />
			<wx w="600" />
			<wx w="600" />
			<wx w="600" />
			<wx w="600" />
			<wx w="600" />
			<wx w="600" />
			<wx w="600" />
			<wx w="600" />
			<wx w="600" />
			<wx w="600" />
			<wx w="600" />
			<wx w="600" />
			<wx w="600" />
			<wx w="600" />
			<wx w="600" />
			<wx w="600" />
			<wx w="600" />
			<wx w="600" />
			<wx w="600" />
			<wx w="600" />
			<wx w="600" />
			<wx w="600" />
			<wx w="600" />
			<wx w="600" />
			<wx w="600" />
			<wx w="600" />
			<wx w="600" />
			<wx w="600" />
			<wx w="600" />
			<wx w="600" />
			<wx w="600" />
			<wx w="600" />
			<wx w="600" />
			<wx w="600" />
			<wx w="600" />
			<wx w="600" />
			<wx w="600" />
			<wx w="600" />
			<wx w="600" />
			<wx w="600" />
			<wx w="600" />
			<wx w="600" />
			<wx w="600" />
			<wx w="600" />
			<wx w="600" />
			<wx w="600" />
			<wx w="600" />
			<wx w="600" />
			<wx w="600" />
			<wx w="600" />
			<wx w="600" />
			<wx w="600" />
			<wx w="600" />
			<wx w="600" />
			<wx w="600" />
			<wx w="600" />
			<wx w="600" />
			<wx w="600" />
			<wx w="600" />
			<wx w="600" />
			<wx w="600" />
			<wx w="600" />
			<wx w="600" />
			<wx w="600" />
			<wx w="600" />
			<wx w="600" />
			<wx w="600" />
			<wx w="600" />
			<wx w="600" />
			<wx w="600" />
			<wx w="600" />
			<wx w="600" />
			<wx w="600" />
			<wx w="600" />
			<wx w="600" />
			<wx w="600" />
			<wx w="600" />
			<wx w="600" />
			<wx w="600" />
			<wx w="600" />
			<wx w="600" />
			<wx w="600" />
			<wx w="600" />
			<wx w="600" />
			<wx w="600" />
			<wx w="600" />
			<wx w="600" />
			<wx w="600" />
			<wx w="600" />
			<wx w="600" />
			<wx w="600" />
			<wx w="600" />
			<wx w="600" />
			<wx w="600" />
			<wx w="600" />
			<wx w="600" />
			<wx w="600" />
			<wx w="600" />
			<wx w="600" />
			<wx w="600" />
			<wx w="600" />
			<wx w="600" />
			<wx w="600" />
			<wx w="600" />
			<wx w="600" />
			<wx w="600" />
			<wx w="600" />
			<wx w="600" />
			<wx w="600" />
			<wx w="600" />
			<wx w="600" />
			<wx w="600" />
			<wx w="600" />
			<wx w="600" />
			<wx w="600" />
			<wx w="600" />
			<wx w="600" />
			<wx w="600" />
			<wx w="600" />
			<wx w="600" />
			<wx w="600" />
			<wx w="600" />
			<wx w="600" />
			<wx w="600" />
			<wx w="600" />
			<wx w="600" />
			<wx w="600" />
			<wx w="600" />
			<wx w="600" />
			<wx w="600" />
			<wx w="600" />
			<wx w="600" />
			<wx w="600" />
			<wx w="600" />
			<wx w="600" />
			<wx w="600" />
			<wx w="600" />
			<wx w="600" />
			<wx w="600" />
			<wx w="600" />
			<wx w="600" />
			<wx w="600" />
			<wx w="600" />
			<wx w="600" />
			<wx w="600" />
			<wx w="600" />
			<wx w="600" />
			<wx w="600" />
			<wx w="600" />
			<wx w="600" />
			<wx w="600" />
			<wx w="600" />
			<wx w="600" />
			<wx w="600" />
			<wx w="600" />
			<wx w="600" />
			<wx w="600" />
			<wx w="600" />
			<wx w="600" />
			<wx w="600" />
			<wx w="600" />
			<wx w="600" />
			<wx w="600" />
			<wx w="600" />
			<wx w="600" />
			<wx w="600" />
			<wx w="600" />
			<wx w="600" />
			<wx w="600" />
			<wx w="600" />
			<wx w="600" />
			<wx w="600" />
			<wx w="600" />
			<wx w="600" />
			<wx w="600" />
			<wx w="600" />
			<wx w="600" />
			<wx w="600" />
			<wx w="600" />
			<wx w="600" />
			<wx w="600" />
			<wx w="600" />
			<wx w="600" />
			<wx w="600" />
			<wx w="600" />
			<wx w="600" />
			<wx w="600" />
			<wx w="600" />
			<wx w="600" />
			<wx w="600" />
			<wx w="600" />
			<wx w="600" />
			<wx w="600" />
			<wx w="600" />
			<wx w="600" />
			<wx w="600" />
			<wx w="600" />
			<wx w="600" />
			<wx w="600" />
			<wx w="600" />
			<wx w="600" />
			<wx w="600" />
			<wx w="600" />
			<wx w="600" />
			<wx w="600" />
			<wx w="600" />
			<wx w="600" />
			<wx w="600" />
			<wx w="600" />
			<wx w="600" />
			<wx w="600" />
			<wx w="600" />
			<wx w="600" />
			<wx w="600" />
			<wx w="600" />
			<wx w="600" />
			<wx w="600" />
			<wx w="600" />
			<wx w="600" />
			<wx w="600" />
			<wx w="600" />
			<wx w="600" />
			<wx w="600" />
			<wx w="600" />
			<wx w="600" />
			<wx w="600" />
			<wx w="600" />
			<wx w="600" />
			<wx w="600" />
			<wx w="600" />
			<wx w="600" />
			<wx w="600" />
			<wx w="600" />
			<wx w="600" />
			<wx w="600" />
			<wx w="600" />
			<wx w="600" />
			<wx w="600" />
			<wx w="600" />
			<wx w="600" />
			<wx w="600" />
			<wx w="600" />
			<wx w="600" />
			<wx w="600" />
			<wx w="600" />
			<wx w="600" />
			<wx w="600" />
			<wx w="600" />
			<wx w="600" />
			<wx w="600" />
			<wx w="600" />
			<wx w="600" />
			<wx w="600" />
			<wx w="600" />
			<wx w="600" />
			<wx w="600" />
			<wx w="600" />
			<wx w="600" />
			<wx w="600" />
			<wx w="600" />
			<wx w="600" />
			<wx w="600" />
			<wx w="600" />
			<wx w="600" />
			<wx w="600" />
			<wx w="600" />
			<wx w="600" />
			<wx w="600" />
			<wx w="600" />
			<wx w="600" />
			<wx w="600" />
			<wx w="600" />
			<wx w="600" />
			<wx w="600" />
			<wx w="600" />
			<wx w="600" />
			<wx w="600" />
			<wx w="600" />
			<wx w="600" />
			<wx w="600" />
			<wx w="600" />
			<wx w="600" />
			<wx w="600" />
			<wx w="600" />
			<wx w="600" />
			<wx w="600" />
			<wx w="600" />
		</cid-widths>
	</multibyte-extras>
</font-metrics>