<?xml version="1.0" encoding="UTF-8"?>
	<!--
		Syntax highlighting definition for C xslthl - XSLT Syntax Highlighting http://sourceforge.net/projects/xslthl/
		Copyright (C) 2005-2008 Michal Molhanec, Jirka Kosek, Michiel Hendriks This software is provided 'as-is', without any
		express or implied warranty. In no event will the authors be held liable for any damages arising from the use of this
		software. Permission is granted to anyone to use this software for any purpose, including commercial applications, and
		to alter it and redistribute it freely, subject to the following restrictions: 1. The origin of this software must not
		be misrepresented; you must not claim that you wrote the original software. If you use this software in a product, an
		acknowledgment in the product documentation would be appreciated but is not required. 2. Altered source versions must
		be plainly marked as such, and must not be misrepresented as being the original software. 3. This notice may not be
		removed or altered from any source distribution. Michal Molhanec <mol1111 at users.sourceforge.net> Jirka Kosek <kosek
		at users.sourceforge.net> Michiel Hendriks <elmuerte at users.sourceforge.net>
	-->
<highlighters>
	<highlighter type="multiline-comment">
		<start>/**</start>
		<end>*/</end>
		<style>doccomment</style>
	</highlighter>
	<highlighter type="oneline-comment">
		<start><![CDATA[/// ]]></start>
		<style>doccomment</style>
	</highlighter>
	<highlighter type="multiline-comment">
		<start>/*</start>
		<end>*/</end>
	</highlighter>
	<highlighter type="oneline-comment">//</highlighter>
	<highlighter type="oneline-comment">
		<!-- use the online-comment highlighter to detect directives -->
		<start>#</start>
		<lineBreakEscape>\</lineBreakEscape>
		<style>directive</style>
		<solitary/>
	</highlighter>
	<highlighter type="string">
		<string>"</string>
		<escape>\</escape>
	</highlighter>
	<highlighter type="string">
		<string>'</string>
		<escape>\</escape>
	</highlighter>
	<highlighter type="hexnumber">
		<prefix>0x</prefix>
		<suffix>ul</suffix>
		<suffix>lu</suffix>
		<suffix>u</suffix>
		<suffix>l</suffix>
		<ignoreCase />
	</highlighter>
	<highlighter type="number">
		<point>.</point>
		<pointStarts />
		<exponent>e</exponent>
		<suffix>ul</suffix>
		<suffix>lu</suffix>
		<suffix>u</suffix>
		<suffix>f</suffix>
		<suffix>l</suffix>
		<ignoreCase />
	</highlighter>
	<highlighter type="keywords">
		<keyword>auto</keyword>
		<keyword>_Bool</keyword>
		<keyword>break</keyword>
		<keyword>case</keyword>
		<keyword>char</keyword>
		<keyword>_Complex</keyword>
		<keyword>const</keyword>
		<keyword>continue</keyword>
		<keyword>default</keyword>
		<keyword>do</keyword>
		<keyword>double</keyword>
		<keyword>else</keyword>
		<keyword>enum</keyword>
		<keyword>extern</keyword>
		<keyword>float</keyword>
		<keyword>for</keyword>
		<keyword>goto</keyword>
		<keyword>if</keyword>
		<keyword>_Imaginary</keyword>
		<keyword>inline</keyword>
		<keyword>int</keyword>
		<keyword>long</keyword>
		<keyword>register</keyword>
		<keyword>restrict</keyword>
		<keyword>return</keyword>
		<keyword>short</keyword>
		<keyword>signed</keyword>
		<keyword>sizeof</keyword>
		<keyword>static</keyword>
		<keyword>struct</keyword>
		<keyword>switch</keyword>
		<keyword>typedef</keyword>
		<keyword>union</keyword>
		<keyword>unsigned</keyword>
		<keyword>void</keyword>
		<keyword>volatile</keyword>
		<keyword>while</keyword>
	</highlighter>
</highlighters>